9.653289 0.000000 0.000000 0.000000 0.000000 0.000000 0.000000 0.000000 0.000000 0.000000 0.000000 0.000000 0.000000 0.000000 0.000000 0.000000 0.000000 0.000000 0.000000 0.000000 0.000000 0.000000 0.000000 0.000000 0.000000 0.000000 0.000000 0.000000 0.000000 0.000000 0.000000 0.000000 0.000000 0.000000 0.000000 0.000000 0.000000 0.000000 0.000000 0.000000 0.000000 0.000000 0.000000 0.000000 0.000000 0.000000 0.000000 0.000000 0.000000 0.000000 0.000000 0.000000 0.000000 0.000000 0.000000 0.000000 0.000000 0.000000 0.000000 0.000000 0.000000 0.000000 0.000000 0.000000 0.000000 0.000000 0.000000 0.000000 0.000000 0.000000 0.000000 0.000000 0.000000 0.000000 0.000000 0.000000 0.000000 0.000000 0.000000 0.000000 0.000000 0.000000 0.000000 0.000000 0.000000 0.000000 0.000000 0.000000 0.000000 0.000000 0.000000 0.000000 0.000000 0.000000 0.000000 0.000000 0.000000 0.000000 0.000000 0.000000 1.000000 -0.962593 0.081315 -0.734595 -0.666515 -0.771584 -0.416584 0.289197 0.845013 -0.728028 0.334949 -0.455793 -0.646110 0.373885 1.023451 -0.872777 0.390641 -0.602331 -0.773621 0.558409 -0.830156 -0.331678 -0.175062 -0.535775 0.154655 -0.905166 0.634839 -0.375902 0.117330 -0.427305 -1.019243 -0.968552 -0.805989 0.970293 0.707218 0.021715 -0.070545 0.328580 -0.149130 0.002396 -0.977435 -0.759580 -0.251852 -0.173408 1.013623 0.707337 -0.784533 -0.533457 -0.099180 0.496702 0.179443 0.022658 -0.801820 -1.024974 -0.705294 -0.957647 -1.034316 -0.885946 -0.608438 0.605479 0.702361 -0.789217 0.448725 0.962908 0.678730 -0.212794 0.188032 -0.549582 0.939231 0.608746 -0.300214 0.120997 -0.557174 -0.566685 0.284138 -0.285076 0.967043 -0.901693 -0.462971 0.931675 0.061267 0.308653 0.960713 0.927319 -0.184033 1.017899 0.890297 -0.213324 -0.378111 0.551566 0.914709 0.993463 0.396726 -0.730955 -0.321573 0.384341 -0.899310 0.135572 0.050882 0.415390
-5.079925 5.003474 0.000000 0.000000 0.000000 0.000000 0.000000 0.000000 0.000000 0.000000 0.000000 0.000000 0.000000 0.000000 0.000000 0.000000 0.000000 0.000000 0.000000 0.000000 0.000000 0.000000 0.000000 0.000000 0.000000 0.000000 0.000000 0.000000 0.000000 0.000000 0.000000 0.000000 0.000000 0.000000 0.000000 0.000000 0.000000 0.000000 0.000000 0.000000 0.000000 0.000000 0.000000 0.000000 0.000000 0.000000 0.000000 0.000000 0.000000 0.000000 0.000000 0.000000 0.000000 0.000000 0.000000 0.000000 0.000000 0.000000 0.000000 0.000000 0.000000 0.000000 0.000000 0.000000 0.000000 0.000000 0.000000 0.000000 0.000000 0.000000 0.000000 0.000000 0.000000 0.000000 0.000000 0.000000 0.000000 0.000000 0.000000 0.000000 0.000000 0.000000 0.000000 0.000000 0.000000 0.000000 0.000000 0.000000 0.000000 0.000000 0.000000 0.000000 0.000000 0.000000 0.000000 0.000000 0.000000 0.000000 0.000000 0.000000 0.000000 1.000000 -0.514305 -0.099054 -1.341597 0.295827 -1.664867 -1.445104 0.753204 -0.348066 -1.215865 -1.611922 0.094834 1.562998 0.133258 -2.664627 -1.546047 0.758794 -1.656791 1.404090 -0.753380 -2.145668 -1.116593 -1.008149 -0.943307 -1.389611 2.200234 -1.850924 -1.221669 -0.645322 -1.758245 0.231718 1.019078 1.202088 1.058133 -1.878808 -0.206281 -0.946761 0.936166 1.349343 -2.800369 0.121749 -0.820193 1.769863 0.845669 -0.056462 0.047966 -2.519628 0.792033 1.022016 0.982404 1.056354 -1.104563 -2.577803 -0.222399 -0.674534 -2.142684 0.242101 -2.449992 1.856680 0.546936 0.957486 1.235929 -0.082969 0.890456 -2.170129 -0.066112 -0.812802 1.528314 0.077730 -1.474579 1.259125 -0.026522 0.812727 -0.243521 -1.498206 0.043614 -0.231065 -1.661452 0.483819 -1.481815 -1.608959 0.628310 1.188898 -1.305462 1.167581 2.800612 0.284472 -1.823732 2.434746 1.914657 2.845771 0.635223 -0.268197 1.384857 0.033797 0.862501 1.129448 -1.258529 2.011916
-2.363788 -0.389670 6.113876 0.000000 0.000000 0.000000 0.000000 0.000000 0.000000 0.000000 0.000000 0.000000 0.000000 0.000000 0.000000 0.000000 0.000000 0.000000 0.000000 0.000000 0.000000 0.000000 0.000000 0.000000 0.000000 0.000000 0.000000 0.000000 0.000000 0.000000 0.000000 0.000000 0.000000 0.000000 0.000000 0.000000 0.000000 0.000000 0.000000 0.000000 0.000000 0.000000 0.000000 0.000000 0.000000 0.000000 0.000000 0.000000 0.000000 0.000000 0.000000 0.000000 0.000000 0.000000 0.000000 0.000000 0.000000 0.000000 0.000000 0.000000 0.000000 0.000000 0.000000 0.000000 0.000000 0.000000 0.000000 0.000000 0.000000 0.000000 0.000000 0.000000 0.000000 0.000000 0.000000 0.000000 0.000000 0.000000 0.000000 0.000000 0.000000 0.000000 0.000000 0.000000 0.000000 0.000000 0.000000 0.000000 0.000000 0.000000 0.000000 0.000000 0.000000 0.000000 0.000000 0.000000 0.000000 0.000000 0.000000 0.000000 0.000000 0.000000 1.000000 -1.338844 -0.898769 -0.569048 -1.071796 1.022752 0.702295 0.919321 -0.507946 -0.197815 -1.376439 0.750123 -1.206527 -0.398841 1.626049 0.410794 -1.336027 0.996678 -0.362054 -1.395430 -1.118551 -0.126977 -0.037497 -1.857100 -1.163612 1.193861 0.359320 0.991333 0.152833 -1.410056 -0.988131 -0.085430 1.500884 -0.766660 0.688031 -1.268648 -1.393567 1.381359 0.322219 0.437667 -0.347394 -0.860188 -1.013630 -1.314095 -0.342040 0.477819 -0.481940 -1.281872 1.171388 0.257328 -0.828701 -0.466065 -0.215837 -1.021161 0.763100 -1.207196 -0.420637 0.795406 1.228924 -0.945087 -0.277058 -0.504883 0.605616 -1.448601 0.660247 0.297222 -0.452344 -1.051216 -0.801584 0.016821 1.165673 1.164202 1.584653 1.233602 -0.556138 -1.344264 -1.184111 -0.410949 -0.605288 0.061592 -0.065508 0.778912 -1.141850 1.670313 0.390126 -1.585009 -1.539088 -0.943618 -0.405766 -0.199145 0.659749 -0.567235 1.443997 1.704002 -0.952510 1.360054 -0.326640 1.024456
3.203640 -2.684107 3.029376 2.945189 0.000000 0.000000 0.000000 0.000000 0.000000 0.000000 0.000000 0.000000 0.000000 0.000000 0.000000 0.000000 0.000000 0.000000 0.000000 0.000000 0.000000 0.000000 0.000000 0.000000 0.000000 0.000000 0.000000 0.000000 0.000000 0.000000 0.000000 0.000000 0.000000 0.000000 0.000000 0.000000 0.000000 0.000000 0.000000 0.000000 0.000000 0.000000 0.000000 0.000000 0.000000 0.000000 0.000000 0.000000 0.000000 0.000000 0.000000 0.000000 0.000000 0.000000 0.000000 0.000000 0.000000 0.000000 0.000000 0.000000 0.000000 0.000000 0.000000 0.000000 0.000000 0.000000 0.000000 0.000000 0.000000 0.000000 0.000000 0.000000 0.000000 0.000000 0.000000 0.000000 0.000000 0.000000 0.000000 0.000000 0.000000 0.000000 0.000000 0.000000 0.000000 0.000000 0.000000 0.000000 0.000000 0.000000 0.000000 0.000000 0.000000 0.000000 0.000000 0.000000 0.000000 0.000000 0.000000 0.000000 0.000000 0.000000 0.000000 1.000000 2.129449 -1.206229 -2.404005 0.310263 0.878544 -2.293518 -2.465458 0.273687 3.009615 -0.508761 0.432396 -3.871824 -4.241058 -1.909896 -0.626293 0.817362 1.488564 0.577458 1.473078 -3.582334 2.098688 2.381377 5.034082 -1.683606 -1.948535 0.321683 1.778063 -0.304768 1.111955 2.555369 -3.661165 -2.488876 -1.657067 1.537336 -0.640103 2.249495 -3.817951 2.981004 0.198003 0.204802 3.822539 0.819929 4.456822 0.257066 3.884878 0.534837 1.778504 1.333598 3.861587 0.809936 -1.476414 2.889616 -1.827615 0.510065 -2.332944 -1.499656 -3.780242 0.164610 -1.945754 -3.020503 0.314436 -2.621920 1.677435 1.151697 2.097077 1.285800 2.896174 -1.335445 0.323163 -1.368546 0.989024 -4.305379 -3.764211 1.918376 0.799796 -1.808162 1.384747 0.409129 1.854291 -3.939181 0.243792 -3.666043 2.348813 2.933943 -2.225559 3.616544 1.768289 -0.998254 1.317540 1.623445 -0.667638 -5.009137 5.229444 -2.717206 -4.007367 -2.742789
-5.083934 -14.762246 1.078919 -0.515134 -19.901287 0.000000 0.000000 0.000000 0.000000 0.000000 0.000000 0.000000 0.000000 0.000000 0.000000 0.000000 0.000000 0.000000 0.000000 0.000000 0.000000 0.000000 0.000000 0.000000 0.000000 0.000000 0.000000 0.000000 0.000000 0.000000 0.000000 0.000000 0.000000 0.000000 0.000000 0.000000 0.000000 0.000000 0.000000 0.000000 0.000000 0.000000 0.000000 0.000000 0.000000 0.000000 0.000000 0.000000 0.000000 0.000000 0.000000 0.000000 0.000000 0.000000 0.000000 0.000000 0.000000 0.000000 0.000000 0.000000 0.000000 0.000000 0.000000 0.000000 0.000000 0.000000 0.000000 0.000000 0.000000 0.000000 0.000000 0.000000 0.000000 0.000000 0.000000 0.000000 0.000000 0.000000 0.000000 0.000000 0.000000 0.000000 0.000000 0.000000 0.000000 0.000000 0.000000 0.000000 0.000000 0.000000 0.000000 0.000000 0.000000 0.000000 0.000000 0.000000 0.000000 0.000000 0.000000 0.000000 0.000000 0.000000 0.000000 0.000000 1.000000 -0.068719 1.669820 0.891319 -0.380715 0.144738 0.707681 1.343197 0.116785 -0.798559 -0.222199 2.015603 1.220188 -0.151086 0.903149 -1.138927 1.001203 1.946975 0.364026 0.668520 0.131961 1.486051 -1.813646 1.194021 0.993694 0.340229 1.931235 -0.486067 -0.727881 -0.871597 -0.507502 1.114031 0.397566 0.612946 -0.794565 -0.859022 2.670393 0.203448 0.214696 -1.174969 -0.711485 0.030287 0.355666 1.614420 -1.129370 -0.689298 -0.961235 -1.162327 1.151446 2.039471 -0.096209 0.276961 2.395550 -0.025664 2.228841 -1.277698 -0.423712 -0.954330 -1.293672 -0.458478 -1.153137 1.878971 0.139100 0.707353 -1.543083 -0.702603 1.416743 -0.851685 0.718090 -0.495739 0.047586 1.273254 -0.552703 0.215961 1.170085 -0.528380 0.906038 0.893729 -1.079943 -0.624074 1.237720 -0.536466 -2.731038 -0.230924 1.636750 -1.672579 -1.603674 -1.988685 -0.230357 0.263833 -0.448846 0.166684 -0.932281 -0.943486 1.501871 -1.791779
-4.036518 -7.792473 -10.850683 -20.940726 14.270205 -29.054936 0.000000 0.000000 0.000000 0.000000 0.000000 0.000000 0.000000 0.000000 0.000000 0.000000 0.000000 0.000000 0.000000 0.000000 0.000000 0.000000 0.000000 0.000000 0.000000 0.000000 0.000000 0.000000 0.000000 0.000000 0.000000 0.000000 0.000000 0.000000 0.000000 0.000000 0.000000 0.000000 0.000000 0.000000 0.000000 0.000000 0.000000 0.000000 0.000000 0.000000 0.000000 0.000000 0.000000 0.000000 0.000000 0.000000 0.000000 0.000000 0.000000 0.000000 0.000000 0.000000 0.000000 0.000000 0.000000 0.000000 0.000000 0.000000 0.000000 0.000000 0.000000 0.000000 0.000000 0.000000 0.000000 0.000000 0.000000 0.000000 0.000000 0.000000 0.000000 0.000000 0.000000 0.000000 0.000000 0.000000 0.000000 0.000000 0.000000 0.000000 0.000000 0.000000 0.000000 0.000000 0.000000 0.000000 0.000000 0.000000 0.000000 0.000000 0.000000 0.000000 0.000000 0.000000 0.000000 0.000000 0.000000 0.000000 0.000000 1.000000 3.659282 0.396976 -1.690589 1.772917 2.567818 0.805878 -1.357227 -0.807625 0.089198 4.534266 3.322860 1.341581 2.274116 -2.215736 -0.427286 1.473137 -0.090274 3.321400 -1.162635 0.069014 -4.496358 1.624012 2.377368 -0.262925 0.398039 0.500912 -0.858680 -2.423836 1.568349 3.084437 1.072901 -0.168461 0.362519 -2.930665 4.878570 -2.391392 0.585933 -0.769430 -3.370374 0.101806 -2.718184 1.026234 -3.187973 -0.252879 -2.257055 -1.749266 -1.589859 1.762966 1.468637 -1.530832 3.017698 0.033122 3.473237 -0.580404 1.588051 -0.099445 0.290928 2.106431 -1.633268 3.957213 -1.572743 -0.571809 -2.629901 -1.236904 -0.430907 0.144068 -0.152471 0.504829 -1.538976 3.636033 2.515960 -0.247571 0.636344 1.249292 -0.146655 0.700552 -2.454880 1.852323 1.530712 1.065061 -3.898068 -1.825732 3.736733 -3.608629 -2.849603 -0.930718 -1.642554 -0.851739 -0.615966 2.886944 -3.735870 0.768458 3.811847 -0.170528
-9.508070 -8.036737 -7.093871 -17.699080 21.705066 -33.922833 15.868699 0.000000 0.000000 0.000000 0.000000 0.000000 0.000000 0.000000 0.000000 0.000000 0.000000 0.000000 0.000000 0.000000 0.000000 0.000000 0.000000 0.000000 0.000000 0.000000 0.000000 0.000000 0.000000 0.000000 0.000000 0.000000 0.000000 0.000000 0.000000 0.000000 0.000000 0.000000 0.000000 0.000000 0.000000 0.000000 0.000000 0.000000 0.000000 0.000000 0.000000 0.000000 0.000000 0.000000 0.000000 0.000000 0.000000 0.000000 0.000000 0.000000 0.000000 0.000000 0.000000 0.000000 0.000000 0.000000 0.000000 0.000000 0.000000 0.000000 0.000000 0.000000 0.000000 0.000000 0.000000 0.000000 0.000000 0.000000 0.000000 0.000000 0.000000 0.000000 0.000000 0.000000 0.000000 0.000000 0.000000 0.000000 0.000000 0.000000 0.000000 0.000000 0.000000 0.000000 0.000000 0.000000 0.000000 0.000000 0.000000 0.000000 0.000000 0.000000 0.000000 0.000000 0.000000 0.000000 0.000000 0.000000 0.000000 0.000000 1.000000 -0.121798 -0.633627 0.605596 0.848850 -1.585586 -1.223457 -0.026066 0.641467 0.726466 0.688787 0.568781 0.498141 -0.852826 -2.212858 -0.467748 0.397328 1.539397 -1.257044 -0.953132 -1.055405 -0.956727 1.214387 -1.402792 -0.801191 0.023812 0.343068 -0.377876 1.361967 0.495551 -0.468120 -0.261583 0.923285 -1.287840 0.186242 -1.812479 0.054651 0.761138 -1.887064 0.654426 -1.984281 -1.366610 -0.406332 0.904832 0.055332 -0.156816 -2.264861 -0.223949 0.921952 -1.712276 -0.220732 -0.704530 -0.441599 0.971614 1.488134 1.195383 0.906056 2.017515 -0.784356 0.694464 -1.208113 -1.357550 0.210806 -0.587613 -1.180379 0.965826 -1.223180 0.378813 -1.428365 1.181545 2.699244 0.588103 -1.226575 2.060196 -0.770310 0.673100 -0.960629 2.476550 0.948458 1.064484 0.515179 -0.770404 1.499058 -0.017156 -0.897947 1.538017 -0.304320 -1.246374 -0.454701 1.445777 -1.893516 0.918706 0.367197 0.817335
-2.720389 -11.785853 -14.267185 -17.308101 3.990554 -25.552782 6.591832 10.447762 0.000000 0.000000 0.000000 0.000000 0.000000 0.000000 0.000000 0.000000 0.000000 0.000000 0.000000 0.000000 0.000000 0.000000 0.000000 0.000000 0.000000 0.000000 0.000000 0.000000 0.000000 0.000000 0.000000 0.000000 0.000000 0.000000 0.000000 0.000000 0.000000 0.000000 0.000000 0.000000 0.000000 0.000000 0.000000 0.000000 0.000000 0.000000 0.000000 0.000000 0.000000 0.000000 0.000000 0.000000 0.000000 0.000000 0.000000 0.000000 0.000000 0.000000 0.000000 0.000000 0.000000 0.000000 0.000000 0.000000 0.000000 0.000000 0.000000 0.000000 0.000000 0.000000 0.000000 0.000000 0.000000 0.000000 0.000000 0.000000 0.000000 0.000000 0.000000 0.000000 0.000000 0.000000 0.000000 0.000000 0.000000 0.000000 0.000000 0.000000 0.000000 0.000000 0.000000 0.000000 0.000000 0.000000 0.000000 0.000000 0.000000 0.000000 0.000000 0.000000 0.000000 0.000000 0.000000 0.000000 0.000000 0.000000 0.000000 1.000000 0.227560 0.371129 -0.093042 0.767286 1.333871 0.000153 -0.641211 -0.843529 0.022269 0.587303 -0.910993 -0.413693 0.468392 0.346074 -1.767048 0.203771 0.170467 -0.932869 0.517023 1.018033 1.415687 1.939708 1.773202 -0.792976 -0.841738 1.116679 1.010872 -0.305981 0.835185 0.021148 -0.563025 1.759580 1.751289 -0.005035 -0.470845 -1.240904 -1.366843 -0.234572 1.238585 1.355470 -0.284933 -0.880841 0.552867 0.209096 1.586632 0.906023 0.431062 -1.271777 1.301114 -0.883056 -0.076609 -1.481829 0.113311 -0.928142 -2.002394 -0.892927 -0.332397 0.001992 0.310216 0.709690 -1.568385 -1.065323 0.808618 -0.101004 1.744727 1.162922 -0.095996 0.477458 -2.871024 0.192450 -0.563597 -1.019022 -1.310887 0.136896 -0.855801 -0.931959 0.831899 -0.891235 -0.419295 -1.494675 0.077163 -0.258145 -1.079725 -0.937131 -0.781093 0.495365 1.570672 0.968822 0.925599 0.566181 0.452477 -1.478130
-7.880580 2.124079 -7.991004 -18.461267 22.776284 -24.403788 4.936174 15.110821 -8.885706 0.000000 0.000000 0.000000 0.000000 0.000000 0.000000 0.000000 0.000000 0.000000 0.000000 0.000000 0.000000 0.000000 0.000000 0.000000 0.000000 0.000000 0.000000 0.000000 0.000000 0.000000 0.000000 0.000000 0.000000 0.000000 0.000000 0.000000 0.000000 0.000000 0.000000 0.000000 0.000000 0.000000 0.000000 0.000000 0.000000 0.000000 0.000000 0.000000 0.000000 0.000000 0.000000 0.000000 0.000000 0.000000 0.000000 0.000000 0.000000 0.000000 0.000000 0.000000 0.000000 0.000000 0.000000 0.000000 0.000000 0.000000 0.000000 0.000000 0.000000 0.000000 0.000000 0.000000 0.000000 0.000000 0.000000 0.000000 0.000000 0.000000 0.000000 0.000000 0.000000 0.000000 0.000000 0.000000 0.000000 0.000000 0.000000 0.000000 0.000000 0.000000 0.000000 0.000000 0.000000 0.000000 0.000000 0.000000 0.000000 0.000000 0.000000 0.000000 0.000000 0.000000 0.000000 0.000000 0.000000 0.000000 0.000000 0.000000 1.000000 1.975111 0.589479 0.365960 1.173122 1.459157 -3.076499 -0.566462 0.571208 2.244407 -2.238513 -1.482194 2.212000 1.520484 -4.195722 0.499022 -1.542710 -0.230303 -1.137733 3.069283 3.005020 2.451402 3.285206 -0.532230 -1.627494 0.757134 2.754216 -0.036060 2.951005 -1.632298 0.239037 2.955124 4.583953 -0.319196 -1.908284 -2.255812 -4.401714 -2.314011 0.588159 1.413855 -2.723059 -2.455518 0.678121 -1.540021 0.816490 0.808979 0.127459 -2.626395 3.615736 -0.234378 1.087374 -1.596894 2.662216 -2.239969 -2.580429 -1.986514 -1.786937 0.320512 1.055292 2.178931 -4.544209 -2.782528 -0.888024 0.941307 2.364174 2.892341 -0.246494 2.576468 -4.003239 0.060495 -0.999172 -1.598630 -2.115787 0.190413 -3.389506 0.268880 1.579750 -0.004476 -1.476249 -2.288707 -0.008892 -0.414932 -2.237235 -1.488147 -1.649021 0.313419 4.434960 3.188239 -1.386665 0.743041 1.606019 -2.020897
-2.087379 -3.570804 4.913527 10.970302 -21.491297 9.996839 32.025895 12.568299 14.280333 -42.527706 0.000000 0.000000 0.000000 0.000000 0.000000 0.000000 0.000000 0.000000 0.000000 0.000000 0.000000 0.000000 0.000000 0.000000 0.000000 0.000000 0.000000 0.000000 0.000000 0.000000 0.000000 0.000000 0.000000 0.000000 0.000000 0.000000 0.000000 0.000000 0.000000 0.000000 0.000000 0.000000 0.000000 0.000000 0.000000 0.000000 0.000000 0.000000 0.000000 0.000000 0.000000 0.000000 0.000000 0.000000 0.000000 0.000000 0.000000 0.000000 0.000000 0.000000 0.000000 0.000000 0.000000 0.000000 0.000000 0.000000 0.000000 0.000000 0.000000 0.000000 0.000000 0.000000 0.000000 0.000000 0.000000 0.000000 0.000000 0.000000 0.000000 0.000000 0.000000 0.000000 0.000000 0.000000 0.000000 0.000000 0.000000 0.000000 0.000000 0.000000 0.000000 0.000000 0.000000 0.000000 0.000000 0.000000 0.000000 0.000000 0.000000 0.000000 0.000000 0.000000 0.000000 0.000000 0.000000 0.000000 0.000000 0.000000 0.000000 1.000000 0.361828 -1.059730 -0.062244 0.498325 -0.661436 -0.699134 -0.046068 1.475758 -0.732951 -0.801859 -1.088936 -0.184384 -1.687500 1.226423 -0.974890 -1.052022 -0.104947 0.166098 2.210478 0.214447 0.900245 -0.162137 -0.092791 0.452987 2.146003 -0.339871 0.386554 -0.718365 0.742865 1.058075 1.324758 -1.331333 -0.602008 -0.333234 -3.014265 -0.095425 -0.718789 -0.208487 -0.770693 -0.357637 0.702081 0.077367 -0.947200 0.046968 0.996415 -2.149655 0.893841 -0.954267 -0.535435 -0.439481 1.635507 0.128032 -0.520712 0.332108 -1.086342 -0.133456 -0.220492 -0.344618 -1.446786 -1.329983 -1.067006 0.911839 0.177089 1.922545 -1.171174 1.105962 -0.231131 0.579649 -1.533741 0.562419 -1.933467 0.398541 -1.991673 1.140509 1.224156 0.168894 0.434150 -1.738685 0.768815 0.152640 -1.440780 0.586246 -1.082207 -0.824449 1.418149 1.795309 -0.717397 1.000791 0.342031 -0.627489
7.585498 11.724933 -0.700392 0.039402 17.913153 -2.661969 6.726423 -0.283922 -5.639401 17.923406 -3.641960 0.000000 0.000000 0.000000 0.000000 0.000000 0.000000 0.000000 0.000000 0.000000 0.000000 0.000000 0.000000 0.000000 0.000000 0.000000 0.000000 0.000000 0.000000 0.000000 0.000000 0.000000 0.000000 0.000000 0.000000 0.000000 0.000000 0.000000 0.000000 0.000000 0.000000 0.000000 0.000000 0.000000 0.000000 0.000000 0.000000 0.000000 0.000000 0.000000 0.000000 0.000000 0.000000 0.000000 0.000000 0.000000 0.000000 0.000000 0.000000 0.000000 0.000000 0.000000 0.000000 0.000000 0.000000 0.000000 0.000000 0.000000 0.000000 0.000000 0.000000 0.000000 0.000000 0.000000 0.000000 0.000000 0.000000 0.000000 0.000000 0.000000 0.000000 0.000000 0.000000 0.000000 0.000000 0.000000 0.000000 0.000000 0.000000 0.000000 0.000000 0.000000 0.000000 0.000000 0.000000 0.000000 0.000000 0.000000 0.000000 0.000000 0.000000 0.000000 0.000000 0.000000 0.000000 0.000000 0.000000 0.000000 0.000000 0.000000 1.000000 -7.771467 -4.632873 0.645001 7.064751 -6.005268 1.593251 6.170528 -3.010737 -4.260895 -9.866276 -1.735033 -0.434642 6.108529 -3.531840 -3.382113 0.451125 -10.671116 7.870970 -9.286687 1.130272 -4.509570 2.563071 2.701353 10.050756 -4.767310 -5.003406 0.991520 2.535533 0.661174 -1.504562 -8.327396 -3.764507 2.664361 -5.866445 4.675202 -6.841064 -5.712590 -2.010562 3.253838 3.214587 -0.616837 -5.825132 -2.887246 2.089060 -13.362255 -3.031877 -7.613739 -8.205302 0.764678 6.514989 4.218423 3.907167 4.556277 -5.328046 -3.320809 -3.514313 -9.532024 4.334839 -1.690031 -3.426920 3.027486 -0.292308 3.213245 -8.887488 -0.896027 9.231822 3.188167 -9.283442 11.226036 -9.316682 0.679230 -3.236524 12.283079 7.552768 4.444224 4.007293 -5.458113 3.368404 4.406797 -0.967734 11.184154 -0.601196 -8.469184 -0.584950 7.474377 -6.184939 4.874218 3.168635 1.332254
-6.126786 0.550300 10.051026 11.234774 -25.175746 8.695022 40.991236 21.527443 6.695842 -43.703132 16.795109 149.723027 0.000000 0.000000 0.000000 0.000000 0.000000 0.000000 0.000000 0.000000 0.000000 0.000000 0.000000 0.000000 0.000000 0.000000 0.000000 0.000000 0.000000 0.000000 0.000000 0.000000 0.000000 0.000000 0.000000 0.000000 0.000000 0.000000 0.000000 0.000000 0.000000 0.000000 0.000000 0.000000 0.000000 0.000000 0.000000 0.000000 0.000000 0.000000 0.000000 0.000000 0.000000 0.000000 0.000000 0.000000 0.000000 0.000000 0.000000 0.000000 0.000000 0.000000 0.000000 0.000000 0.000000 0.000000 0.000000 0.000000 0.000000 0.000000 0.000000 0.000000 0.000000 0.000000 0.000000 0.000000 0.000000 0.000000 0.000000 0.000000 0.000000 0.000000 0.000000 0.000000 0.000000 0.000000 0.000000 0.000000 0.000000 0.000000 0.000000 0.000000 0.000000 0.000000 0.000000 0.000000 0.000000 0.000000 0.000000 0.000000 0.000000 0.000000 0.000000 0.000000 0.000000 0.000000 0.000000 0.000000 0.000000 0.000000 0.000000 1.000000 0.489922 -0.051418 -0.929216 0.831330 -0.217691 -0.604039 0.309978 0.396369 1.360881 0.415762 -0.145896 -0.566671 0.493988 0.628397 -0.148690 1.386719 -0.715987 1.029464 0.064532 0.575098 -0.301154 -0.400046 -1.165642 0.600320 0.694387 -0.035447 -0.238956 0.001881 0.412604 0.905403 0.328043 -0.501230 0.586106 -0.539290 0.761574 0.876986 -0.022888 -0.509625 -0.554757 -0.027302 0.726434 0.446175 -0.332981 1.541039 0.527615 0.881671 1.254895 -0.364598 -0.667304 -0.665975 -0.501323 -0.613030 0.462327 0.460738 0.520916 1.230937 -0.684215 0.157202 0.376743 -0.440765 0.074584 -0.328131 1.047636 0.144729 -1.169468 -0.366096 1.250111 -1.352223 1.105879 -0.020185 0.121094 -1.547610 -0.799470 -0.511286 -0.750039 0.514829 -0.238007 -0.655752 0.051704 -1.490494 -0.050923 0.920823 0.019043 -0.909952 0.581609 -0.654032 -0.138027 -0.456507
2.606941 0.577555 2.495457 -3.415726 8.045975 -0.840632 -10.932577 -4.763295 1.947679 6.063875 2.773467 0.159128 23.798347 0.000000 0.000000 0.000000 0.000000 0.000000 0.000000 0.000000 0.000000 0.000000 0.000000 0.000000 0.000000 0.000000 0.000000 0.000000 0.000000 0.000000 0.000000 0.000000 0.000000 0.000000 0.000000 0.000000 0.000000 0.000000 0.000000 0.000000 0.000000 0.000000 0.000000 0.000000 0.000000 0.000000 0.000000 0.000000 0.000000 0.000000 0.000000 0.000000 0.000000 0.000000 0.000000 0.000000 0.000000 0.000000 0.000000 0.000000 0.000000 0.000000 0.000000 0.000000 0.000000 0.000000 0.000000 0.000000 0.000000 0.000000 0.000000 0.000000 0.000000 0.000000 0.000000 0.000000 0.000000 0.000000 0.000000 0.000000 0.000000 0.000000 0.000000 0.000000 0.000000 0.000000 0.000000 0.000000 0.000000 0.000000 0.000000 0.000000 0.000000 0.000000 0.000000 0.000000 0.000000 0.000000 0.000000 0.000000 0.000000 0.000000 0.000000 0.000000 0.000000 0.000000 0.000000 0.000000 0.000000 0.000000 0.000000 0.000000 1.000000 -0.067784 -0.322699 -0.001672 -1.349666 -0.845905 1.059647 0.594233 0.585682 -0.472139 0.904433 -0.933618 0.443710 0.146716 1.047391 -0.261400 -1.300270 0.397903 -0.913446 1.112188 0.029133 0.148350 -1.288193 0.002623 -0.110529 0.574423 -0.185618 -0.850800 -1.158196 0.496367 0.947620 0.376854 1.188982 0.306695 0.843211 -0.573593 1.052138 0.226964 -0.359061 0.811850 0.197929 0.202933 -0.385007 1.819637 -0.857220 0.719825 -0.368256 0.674925 -1.484270 0.767659 0.335238 -0.046241 0.764121 0.320698 -0.329091 0.482921 1.032845 0.586865 0.042174 -0.593028 -1.031203 -1.134757 0.884953 -1.062534 -0.005734 0.629443 0.880545 -1.092537 0.923627 -0.411451 0.846626 -0.887986 -0.515710 -1.185897 0.207746 1.553940 -0.572622 0.539273 0.499810 -0.801622 0.582497 1.216739 -0.776129 -1.323726 1.035117 -0.360786 -1.579129 0.535020
-9.655884 -12.018747 -8.992536 -20.025827 18.547395 -39.747682 31.388323 -1.120874 2.247098 -14.086149 -0.568225 15.327677 12.857659 11.892316 0.000000 0.000000 0.000000 0.000000 0.000000 0.000000 0.000000 0.000000 0.000000 0.000000 0.000000 0.000000 0.000000 0.000000 0.000000 0.000000 0.000000 0.000000 0.000000 0.000000 0.000000 0.000000 0.000000 0.000000 0.000000 0.000000 0.000000 0.000000 0.000000 0.000000 0.000000 0.000000 0.000000 0.000000 0.000000 0.000000 0.000000 0.000000 0.000000 0.000000 0.000000 0.000000 0.000000 0.000000 0.000000 0.000000 0.000000 0.000000 0.000000 0.000000 0.000000 0.000000 0.000000 0.000000 0.000000 0.000000 0.000000 0.000000 0.000000 0.000000 0.000000 0.000000 0.000000 0.000000 0.000000 0.000000 0.000000 0.000000 0.000000 0.000000 0.000000 0.000000 0.000000 0.000000 0.000000 0.000000 0.000000 0.000000 0.000000 0.000000 0.000000 0.000000 0.000000 0.000000 0.000000 0.000000 0.000000 0.000000 0.000000 0.000000 0.000000 0.000000 0.000000 0.000000 0.000000 0.000000 0.000000 0.000000 0.000000 1.000000 0.799600 -2.308181 2.284115 4.598201 -0.930525 -1.974832 -1.447782 -0.068833 -4.269636 2.128200 -0.262025 -2.289677 0.642156 -0.330640 3.760839 0.903679 3.206718 -2.907566 -0.624962 1.242287 4.539076 -0.902340 0.387534 -1.692308 -0.384939 3.449179 4.038240 -2.824178 -1.676795 -1.107827 -3.802518 0.695222 -0.185061 1.787660 -2.368775 -0.388478 1.261251 -0.698318 -0.195209 0.677570 0.934989 -5.564437 2.004660 -1.576742 -0.793849 -3.435174 1.823808 -1.216248 -1.081832 -0.173018 -2.340796 -0.387172 0.295156 -1.414318 -3.118290 -1.437194 0.071836 0.213148 3.674509 4.370557 -2.754424 1.113218 -1.375143 -1.360617 -3.345081 1.817431 -4.098120 -0.678329 -2.844926 0.452695 2.194104 0.422219 -0.992314 -4.801690 0.945356 0.425985 -0.979736 2.037159 -1.500346 -2.029911 3.511302 3.570857 -0.739419 1.495706 3.924634 -1.863853
-8.178096 -10.822425 -8.745409 -25.494550 22.375621 -40.552596 10.142191 -2.230929 -5.525277 21.850773 1.785347 39.666728 10.202423 3.561910 31.358983 0.000000 0.000000 0.000000 0.000000 0.000000 0.000000 0.000000 0.000000 0.000000 0.000000 0.000000 0.000000 0.000000 0.000000 0.000000 0.000000 0.000000 0.000000 0.000000 0.000000 0.000000 0.000000 0.000000 0.000000 0.000000 0.000000 0.000000 0.000000 0.000000 0.000000 0.000000 0.000000 0.000000 0.000000 0.000000 0.000000 0.000000 0.000000 0.000000 0.000000 0.000000 0.000000 0.000000 0.000000 0.000000 0.000000 0.000000 0.000000 0.000000 0.000000 0.000000 0.000000 0.000000 0.000000 0.000000 0.000000 0.000000 0.000000 0.000000 0.000000 0.000000 0.000000 0.000000 0.000000 0.000000 0.000000 0.000000 0.000000 0.000000 0.000000 0.000000 0.000000 0.000000 0.000000 0.000000 0.000000 0.000000 0.000000 0.000000 0.000000 0.000000 0.000000 0.000000 0.000000 0.000000 0.000000 0.000000 0.000000 0.000000 0.000000 0.000000 0.000000 0.000000 0.000000 0.000000 0.000000 0.000000 0.000000 0.000000 1.000000 -0.474694 0.271788 0.059436 0.083414 -0.197142 0.284126 -0.051180 0.532156 -0.408415 -0.060343 0.488927 0.217395 -0.684712 -0.497491 -0.582875 -0.024813 -0.613824 0.042397 0.480296 -0.490065 0.148123 -0.264478 0.224544 -0.309789 -0.604342 -0.399499 0.404990 0.006999 0.493519 1.145176 0.424512 0.160225 -0.049230 0.235484 0.410542 -0.180745 -0.356992 0.151025 -0.069502 0.035605 -0.557340 -0.543342 -0.205412 -0.161621 0.464068 -0.602402 0.168218 0.146251 -0.064981 0.257889 0.022882 0.032283 -0.633412 0.407940 -0.057193 0.941259 -0.254439 0.654693 -0.281579 -0.369635 -0.507571 0.103163 0.174352 -0.188547 0.699909 -0.008787 -0.185706 0.531299 0.679830 -0.042314 0.072920 0.189736 0.234173 -0.192997 0.497817 0.729383 0.745031 -0.059478 -0.120887 -0.495373 -0.495227 0.104069 -0.220205 0.272917 0.408618
-3.082080 6.658314 10.940650 14.513710 -5.397600 22.257461 -10.218773 -7.235420 -0.357335 0.371929 1.029423 -4.344518 13.194203 0.928361 -3.227309 -11.214502 0.000000 0.000000 0.000000 0.000000 0.000000 0.000000 0.000000 0.000000 0.000000 0.000000 0.000000 0.000000 0.000000 0.000000 0.000000 0.000000 0.000000 0.000000 0.000000 0.000000 0.000000 0.000000 0.000000 0.000000 0.000000 0.000000 0.000000 0.000000 0.000000 0.000000 0.000000 0.000000 0.000000 0.000000 0.000000 0.000000 0.000000 0.000000 0.000000 0.000000 0.000000 0.000000 0.000000 0.000000 0.000000 0.000000 0.000000 0.000000 0.000000 0.000000 0.000000 0.000000 0.000000 0.000000 0.000000 0.000000 0.000000 0.000000 0.000000 0.000000 0.000000 0.000000 0.000000 0.000000 0.000000 0.000000 0.000000 0.000000 0.000000 0.000000 0.000000 0.000000 0.000000 0.000000 0.000000 0.000000 0.000000 0.000000 0.000000 0.000000 0.000000 0.000000 0.000000 0.000000 0.000000 0.000000 0.000000 0.000000 0.000000 0.000000 0.000000 0.000000 0.000000 0.000000 0.000000 0.000000 0.000000 0.000000 0.000000 1.000000 -1.375315 1.327427 1.245544 0.667018 1.118001 -0.475489 1.174055 0.371861 1.572051 0.686233 0.742062 -1.112988 -0.856991 0.516446 0.833177 1.398337 1.259897 -0.659630 -0.627945 -0.808643 -0.837252 0.117233 -0.067345 -0.396091 -0.187399 1.145612 0.753110 0.858642 1.100093 0.669202 1.386692 0.305728 -0.181955 -0.208008 0.507265 1.557394 1.020010 1.926615 0.364477 1.201101 0.730055 0.978092 -0.476029 -0.902592 -1.615121 2.020147 0.837243 -1.049310 -0.540451 0.071766 -0.488383 0.268389 0.437086 0.470733 1.194923 -1.329018 0.548282 0.353707 0.510288 -0.828004 0.703614 1.936363 1.028812 -0.079611 0.436271 -0.464801 0.506355 -0.772719 -0.714921 -1.475370 -0.854376 1.206565 0.628343 -0.339762 -1.211702 -1.700365 0.475627 0.477233 0.087817 -1.905217 1.425088 -0.092141 -0.961937 0.050622
6.443693 11.828066 7.464399 16.091841 -5.631665 20.554033 6.190425 -9.300615 8.389034 -4.017871 -12.648624 -81.900831 -17.804462 -12.171370 29.944624 -4.811541 -8.786029 0.000000 0.000000 0.000000 0.000000 0.000000 0.000000 0.000000 0.000000 0.000000 0.000000 0.000000 0.000000 0.000000 0.000000 0.000000 0.000000 0.000000 0.000000 0.000000 0.000000 0.000000 0.000000 0.000000 0.000000 0.000000 0.000000 0.000000 0.000000 0.000000 0.000000 0.000000 0.000000 0.000000 0.000000 0.000000 0.000000 0.000000 0.000000 0.000000 0.000000 0.000000 0.000000 0.000000 0.000000 0.000000 0.000000 0.000000 0.000000 0.000000 0.000000 0.000000 0.000000 0.000000 0.000000 0.000000 0.000000 0.000000 0.000000 0.000000 0.000000 0.000000 0.000000 0.000000 0.000000 0.000000 0.000000 0.000000 0.000000 0.000000 0.000000 0.000000 0.000000 0.000000 0.000000 0.000000 0.000000 0.000000 0.000000 0.000000 0.000000 0.000000 0.000000 0.000000 0.000000 0.000000 0.000000 0.000000 0.000000 0.000000 0.000000 0.000000 0.000000 0.000000 0.000000 0.000000 0.000000 0.000000 0.000000 0.000000 1.000000 -5.784957 -0.132530 0.850004 2.629353 -1.525352 6.957565 -5.541809 -3.311231 4.014215 -2.791111 1.071500 -7.570417 -2.663761 -5.124836 -0.389853 -1.642355 1.768018 -6.739375 3.512965 1.656311 -0.443172 -0.372240 -4.803928 -4.953876 6.588280 1.669582 2.786791 6.937051 -2.039112 -0.343160 -4.845297 2.987762 2.356279 -1.070820 -3.228081 -1.730663 -3.319562 -1.775038 3.690926 -2.113129 2.151576 1.835025 9.661660 -1.413306 0.558924 1.005413 0.943580 4.720036 0.258064 -0.433989 1.443314 2.889031 0.468453 1.162584 1.100426 -0.748180 -5.665236 2.103310 0.144813 0.000017 -0.181811 2.415786 0.105770 6.046166 1.151295 5.515548 3.433371 -3.747698 3.715777 4.076954 5.771767 -4.144879 1.811705 3.197600 3.118077 0.691557 1.716960 -2.151947 -3.254932 -0.199567 -1.416996 -3.518982 6.025266
-5.778675 -15.432131 -15.691089 -23.391343 1.444761 -36.010432 30.425127 19.366582 -2.271898 -1.014250 -13.876904 -64.399898 -29.651104 1.689834 11.647213 -19.674852 -54.520307 -278.328631 0.000000 0.000000 0.000000 0.000000 0.000000 0.000000 0.000000 0.000000 0.000000 0.000000 0.000000 0.000000 0.000000 0.000000 0.000000 0.000000 0.000000 0.000000 0.000000 0.000000 0.000000 0.000000 0.000000 0.000000 0.000000 0.000000 0.000000 0.000000 0.000000 0.000000 0.000000 0.000000 0.000000 0.000000 0.000000 0.000000 0.000000 0.000000 0.000000 0.000000 0.000000 0.000000 0.000000 0.000000 0.000000 0.000000 0.000000 0.000000 0.000000 0.000000 0.000000 0.000000 0.000000 0.000000 0.000000 0.000000 0.000000 0.000000 0.000000 0.000000 0.000000 0.000000 0.000000 0.000000 0.000000 0.000000 0.000000 0.000000 0.000000 0.000000 0.000000 0.000000 0.000000 0.000000 0.000000 0.000000 0.000000 0.000000 0.000000 0.000000 0.000000 0.000000 0.000000 0.000000 0.000000 0.000000 0.000000 0.000000 0.000000 0.000000 0.000000 0.000000 0.000000 0.000000 0.000000 0.000000 0.000000 0.000000 0.000000 1.000000 -0.142934 -0.182883 -0.663356 0.312323 -1.531410 1.098693 0.431717 -0.995272 0.390377 0.003516 1.580515 0.639463 0.882868 -0.061979 0.196511 -0.266440 1.407685 -0.534680 -0.240847 -0.048165 0.124585 1.019050 1.082616 -1.374165 -0.396350 -0.593544 -1.567087 0.308795 -0.073667 1.001088 -0.582717 -0.469638 0.213059 0.524427 0.215436 0.459531 0.438395 -0.935405 0.374286 -0.504953 -0.324134 -1.798137 0.516619 -0.263488 -0.322690 -0.036289 -0.823055 -0.024176 0.110790 -0.326843 -0.759200 -0.158958 -0.312607 -0.023937 0.170271 1.144115 -0.505739 0.198799 -0.098680 -0.197206 -0.639914 0.008775 -1.272137 -0.121091 -1.123146 -0.614499 0.751932 -0.559424 -0.654912 -1.329316 0.777995 -0.402881 -0.553968 -0.421009 -0.242854 -0.355193 0.489578 0.906625 -0.082730 0.371311 0.842762 -1.097346
-9.654942 -6.016684 -6.316326 -11.622358 -1.770987 -17.580754 9.892094 23.438090 1.341069 -8.838945 1.686362 8.990658 -24.946165 -6.722211 5.486341 2.131168 -7.858493 -56.316458 25.451238 0.000000 0.000000 0.000000 0.000000 0.000000 0.000000 0.000000 0.000000 0.000000 0.000000 0.000000 0.000000 0.000000 0.000000 0.000000 0.000000 0.000000 0.000000 0.000000 0.000000 0.000000 0.000000 0.000000 0.000000 0.000000 0.000000 0.000000 0.000000 0.000000 0.000000 0.000000 0.000000 0.000000 0.000000 0.000000 0.000000 0.000000 0.000000 0.000000 0.000000 0.000000 0.000000 0.000000 0.000000 0.000000 0.000000 0.000000 0.000000 0.000000 0.000000 0.000000 0.000000 0.000000 0.000000 0.000000 0.000000 0.000000 0.000000 0.000000 0.000000 0.000000 0.000000 0.000000 0.000000 0.000000 0.000000 0.000000 0.000000 0.000000 0.000000 0.000000 0.000000 0.000000 0.000000 0.000000 0.000000 0.000000 0.000000 0.000000 0.000000 0.000000 0.000000 0.000000 0.000000 0.000000 0.000000 0.000000 0.000000 0.000000 0.000000 0.000000 0.000000 0.000000 0.000000 0.000000 0.000000 0.000000 0.000000 0.000000 1.000000 0.295678 -0.618843 -0.302267 -0.469436 -0.087852 0.618898 -0.939640 0.844077 -0.212374 0.187677 0.068054 -0.227258 0.048407 0.016527 -0.084855 0.474696 0.001939 -0.671290 -0.449599 -0.098230 -0.043129 0.441079 -1.055442 0.313135 -0.196052 -0.803479 1.035105 -0.503176 0.125777 -0.355836 0.610738 -0.773015 0.127924 -1.069904 0.213597 0.152735 0.339305 -0.238703 0.380732 -0.213685 -0.857459 -0.194972 0.273150 0.414264 0.709224 -0.429639 0.600495 0.043405 -0.047913 0.324643 0.560963 -0.664914 -0.106604 -0.915033 0.210330 -0.020095 -0.609490 0.795430 -0.876493 -0.320399 0.064679 0.248706 -0.294836 -0.726450 -0.895467 0.029782 -0.515441 -0.267397 0.278201 0.200535 0.200198 0.043310 -0.064182 0.551124 -0.342990 -0.812591 -0.264124 -0.433641 -0.198770 -0.085035 -0.349011
-8.669210 -8.571206 5.221253 3.131855 -12.810217 -2.848661 26.078769 -1.181015 7.772735 -40.085943 7.280405 48.479131 30.102533 14.360321 -11.289429 3.657682 11.509587 48.023299 -23.926576 16.737614 0.000000 0.000000 0.000000 0.000000 0.000000 0.000000 0.000000 0.000000 0.000000 0.000000 0.000000 0.000000 0.000000 0.000000 0.000000 0.000000 0.000000 0.000000 0.000000 0.000000 0.000000 0.000000 0.000000 0.000000 0.000000 0.000000 0.000000 0.000000 0.000000 0.000000 0.000000 0.000000 0.000000 0.000000 0.000000 0.000000 0.000000 0.000000 0.000000 0.000000 0.000000 0.000000 0.000000 0.000000 0.000000 0.000000 0.000000 0.000000 0.000000 0.000000 0.000000 0.000000 0.000000 0.000000 0.000000 0.000000 0.000000 0.000000 0.000000 0.000000 0.000000 0.000000 0.000000 0.000000 0.000000 0.000000 0.000000 0.000000 0.000000 0.000000 0.000000 0.000000 0.000000 0.000000 0.000000 0.000000 0.000000 0.000000 0.000000 0.000000 0.000000 0.000000 0.000000 0.000000 0.000000 0.000000 0.000000 0.000000 0.000000 0.000000 0.000000 0.000000 0.000000 0.000000 0.000000 0.000000 0.000000 0.000000 0.000000 1.000000 -1.246895 0.984374 -1.889510 0.871833 0.986098 -1.053354 0.819568 0.474972 1.803730 0.613971 0.377863 0.377146 0.424849 -0.488853 0.816688 -0.122854 -0.119215 -0.009810 -0.120511 0.581799 1.143243 -0.631312 -0.382362 -1.121654 -2.251908 1.406767 -1.039353 0.829840 -0.974503 0.148505 -1.043209 -0.453011 -1.002892 0.233424 0.484841 0.829007 0.984616 0.009992 1.289396 -0.865235 0.575059 -0.563505 -0.608538 0.267018 -0.860178 1.266262 0.493860 -0.494257 -0.471729 -0.382012 -0.091105 0.095088 -0.659897 1.381550 -0.260922 0.323374 0.093204 -1.224116 0.205355 0.096492 -0.458273 0.050761 -1.829470 -1.126000 0.192843 -0.087695 -0.814051 -0.605788 1.290939 -0.419033 -1.530819 -0.360455 -0.014540 -1.379780 -1.239489 0.078510 -0.820000 -0.890795 0.754074 -1.755966
-9.461133 -5.617666 5.481321 9.787692 -39.113882 0.179754 72.008806 25.447875 26.886826 -99.664011 13.122229 111.722742 0.218768 -1.825876 5.051872 -15.403892 -13.771245 -20.161717 17.322062 8.068777 32.875824 0.000000 0.000000 0.000000 0.000000 0.000000 0.000000 0.000000 0.000000 0.000000 0.000000 0.000000 0.000000 0.000000 0.000000 0.000000 0.000000 0.000000 0.000000 0.000000 0.000000 0.000000 0.000000 0.000000 0.000000 0.000000 0.000000 0.000000 0.000000 0.000000 0.000000 0.000000 0.000000 0.000000 0.000000 0.000000 0.000000 0.000000 0.000000 0.000000 0.000000 0.000000 0.000000 0.000000 0.000000 0.000000 0.000000 0.000000 0.000000 0.000000 0.000000 0.000000 0.000000 0.000000 0.000000 0.000000 0.000000 0.000000 0.000000 0.000000 0.000000 0.000000 0.000000 0.000000 0.000000 0.000000 0.000000 0.000000 0.000000 0.000000 0.000000 0.000000 0.000000 0.000000 0.000000 0.000000 0.000000 0.000000 0.000000 0.000000 0.000000 0.000000 0.000000 0.000000 0.000000 0.000000 0.000000 0.000000 0.000000 0.000000 0.000000 0.000000 0.000000 0.000000 0.000000 0.000000 0.000000 0.000000 0.000000 0.000000 1.000000 -0.886507 2.146232 -0.447754 -1.104579 1.917050 -0.960274 0.023929 -1.775563 -0.252700 0.107965 -0.020118 -0.449691 0.203901 -1.491484 0.554939 0.039995 -0.281034 -0.427218 -0.928721 -0.644125 2.734751 1.167775 0.931144 1.404103 -0.662881 0.743448 -0.744807 0.555559 -0.239925 0.715921 -0.034618 0.828587 0.243988 0.248015 0.336356 1.253189 -0.026833 0.241845 2.391718 -0.767632 0.791505 0.329925 -0.973140 0.824933 -0.344576 -0.341145 0.227939 -0.681235 -0.533391 1.365754 0.077960 1.175849 -0.679899 -0.133714 0.415058 -0.212185 1.382691 1.003353 -0.178218 0.681548 0.326689 1.492981 1.003258 -0.907424 0.276314 0.320181 1.046290 -0.249950 -0.713014 -0.658407 -0.193179 -0.927571 0.515875 0.781852 -0.700510 1.156380 0.039323 -1.029136 1.408895
5.213484 2.745314 1.989496 -2.683722 11.677982 9.080563 -58.316872 -11.752863 -23.970394 58.610619 -3.450339 -58.595367 9.308875 3.423180 -30.677371 17.980820 25.873865 103.586115 -19.137316 -18.104445 3.016223 46.994190 0.000000 0.000000 0.000000 0.000000 0.000000 0.000000 0.000000 0.000000 0.000000 0.000000 0.000000 0.000000 0.000000 0.000000 0.000000 0.000000 0.000000 0.000000 0.000000 0.000000 0.000000 0.000000 0.000000 0.000000 0.000000 0.000000 0.000000 0.000000 0.000000 0.000000 0.000000 0.000000 0.000000 0.000000 0.000000 0.000000 0.000000 0.000000 0.000000 0.000000 0.000000 0.000000 0.000000 0.000000 0.000000 0.000000 0.000000 0.000000 0.000000 0.000000 0.000000 0.000000 0.000000 0.000000 0.000000 0.000000 0.000000 0.000000 0.000000 0.000000 0.000000 0.000000 0.000000 0.000000 0.000000 0.000000 0.000000 0.000000 0.000000 0.000000 0.000000 0.000000 0.000000 0.000000 0.000000 0.000000 0.000000 0.000000 0.000000 0.000000 0.000000 0.000000 0.000000 0.000000 0.000000 0.000000 0.000000 0.000000 0.000000 0.000000 0.000000 0.000000 0.000000 0.000000 0.000000 0.000000 0.000000 0.000000 0.000000 1.000000 -1.405219 0.065468 0.507345 -0.453213 0.538027 0.132875 1.080784 -0.171065 0.521861 -0.202883 -0.087923 -0.238474 0.446970 -0.028467 0.307484 -0.070464 -0.173023 0.231312 0.863974 -1.159314 -0.704041 -1.036765 -1.239383 0.900673 -0.754249 0.817118 -0.855552 0.461199 -0.944533 -1.091036 -0.818378 0.099282 -0.298858 0.214186 0.106095 0.164840 0.592345 -1.129290 0.493099 -0.731007 -0.624337 0.462367 -1.057087 1.085385 0.436793 0.366612 -0.250810 -0.299267 -0.361545 0.037708 -0.463970 0.328499 -0.171669 -0.177577 -0.183259 -0.888211 -0.014995 0.078352 -0.132000 -0.245450 -1.400949 -0.452984 0.557381 -0.026805 -0.736353 -0.001311 0.876359 0.448457 -0.027109 -0.371900 0.348717 -0.607366 -0.740488 -0.029811 -1.283625 -0.950734 0.950642 -1.368803
3.273607 -5.701702 0.419530 -4.947727 14.735320 4.236429 -68.585005 -29.639364 -25.570201 83.547289 2.941695 13.192001 23.412889 23.382949 -20.789061 29.518495 35.003093 46.034759 -49.117020 12.514581 -60.034750 -19.246141 -5.421322 0.000000 0.000000 0.000000 0.000000 0.000000 0.000000 0.000000 0.000000 0.000000 0.000000 0.000000 0.000000 0.000000 0.000000 0.000000 0.000000 0.000000 0.000000 0.000000 0.000000 0.000000 0.000000 0.000000 0.000000 0.000000 0.000000 0.000000 0.000000 0.000000 0.000000 0.000000 0.000000 0.000000 0.000000 0.000000 0.000000 0.000000 0.000000 0.000000 0.000000 0.000000 0.000000 0.000000 0.000000 0.000000 0.000000 0.000000 0.000000 0.000000 0.000000 0.000000 0.000000 0.000000 0.000000 0.000000 0.000000 0.000000 0.000000 0.000000 0.000000 0.000000 0.000000 0.000000 0.000000 0.000000 0.000000 0.000000 0.000000 0.000000 0.000000 0.000000 0.000000 0.000000 0.000000 0.000000 0.000000 0.000000 0.000000 0.000000 0.000000 0.000000 0.000000 0.000000 0.000000 0.000000 0.000000 0.000000 0.000000 0.000000 0.000000 0.000000 0.000000 0.000000 0.000000 0.000000 0.000000 0.000000 0.000000 0.000000 1.000000 -4.522020 5.323607 0.934173 -3.181151 4.684057 -1.940388 1.704445 -6.063916 0.167610 4.510348 3.539761 -3.704174 1.457608 8.024986 0.473256 2.531184 1.797203 -1.342039 5.651941 -4.907509 3.027148 6.677944 -2.260704 -1.386545 -2.546833 1.667441 1.798553 -0.789244 -1.508865 -2.885072 -4.138862 -1.591144 2.759213 -6.131362 5.418985 8.151722 2.799806 -1.276906 -2.865518 -1.206586 0.484743 4.513928 -3.301952 1.249744 -1.227643 4.679410 3.648795 -1.304680 -6.307943 2.420335 2.797921 5.992744 1.508153 -2.089243 -5.050058 -1.241559 3.098307 4.503608 2.285486 4.568524 -0.950174 -1.867689 7.521909 7.881249 -1.254837 -9.931796 7.671751 5.114424 10.708258 1.808109 -1.483420 -2.848321 -4.186646 1.697194 -1.976811 4.222176 2.034990
-8.788453 -18.020608 0.049949 -15.984098 6.436246 -20.264648 -0.928057 -8.717661 4.346636 -9.432669 -0.384626 -26.148180 23.365957 17.385299 1.719160 9.176711 -43.470395 -331.396647 -76.092450 20.699979 -120.328907 -103.149423 -75.218591 -330.754988 0.000000 0.000000 0.000000 0.000000 0.000000 0.000000 0.000000 0.000000 0.000000 0.000000 0.000000 0.000000 0.000000 0.000000 0.000000 0.000000 0.000000 0.000000 0.000000 0.000000 0.000000 0.000000 0.000000 0.000000 0.000000 0.000000 0.000000 0.000000 0.000000 0.000000 0.000000 0.000000 0.000000 0.000000 0.000000 0.000000 0.000000 0.000000 0.000000 0.000000 0.000000 0.000000 0.000000 0.000000 0.000000 0.000000 0.000000 0.000000 0.000000 0.000000 0.000000 0.000000 0.000000 0.000000 0.000000 0.000000 0.000000 0.000000 0.000000 0.000000 0.000000 0.000000 0.000000 0.000000 0.000000 0.000000 0.000000 0.000000 0.000000 0.000000 0.000000 0.000000 0.000000 0.000000 0.000000 0.000000 0.000000 0.000000 0.000000 0.000000 0.000000 0.000000 0.000000 0.000000 0.000000 0.000000 0.000000 0.000000 0.000000 0.000000 0.000000 0.000000 0.000000 0.000000 0.000000 0.000000 0.000000 0.000000 0.000000 1.000000 -1.012813 -0.200609 0.691373 -1.239572 0.346826 -0.473562 1.170442 0.079754 -0.839555 -0.806709 0.816819 -0.525889 -1.808815 0.158669 -0.512878 -0.430865 -0.010761 -1.282792 0.985254 -0.564213 -1.060393 0.318268 0.442499 0.331724 -0.213226 -0.489549 0.279373 0.537915 0.815081 0.850715 0.182515 -0.573636 1.033213 -1.191302 -1.970888 -0.604403 0.185642 0.737212 0.436164 -0.164505 -0.859334 0.480278 -0.361798 0.173971 -0.575195 -0.607808 0.216650 1.250333 -0.589323 -0.723744 -1.067517 -0.492033 0.582828 1.289804 0.253572 -0.631279 -0.954267 -0.560287 -0.736179 0.288836 0.407513 -1.660224 -1.682155 0.232884 1.895439 -1.541903 -0.937150 -2.254842 -0.131925 0.407072 0.574919 0.897828 -0.319465 0.607111 -1.067949 -0.269001
-1.702255 3.545020 8.664692 15.645402 -20.743497 10.563776 50.397061 12.579995 11.213631 -38.870179 6.862586 98.763128 -3.898254 -7.300101 29.639327 -26.956929 -10.701850 21.759482 14.499955 26.902018 69.323015 6.876157 22.337472 76.500574 4.403154 0.000000 0.000000 0.000000 0.000000 0.000000 0.000000 0.000000 0.000000 0.000000 0.000000 0.000000 0.000000 0.000000 0.000000 0.000000 0.000000 0.000000 0.000000 0.000000 0.000000 0.000000 0.000000 0.000000 0.000000 0.000000 0.000000 0.000000 0.000000 0.000000 0.000000 0.000000 0.000000 0.000000 0.000000 0.000000 0.000000 0.000000 0.000000 0.000000 0.000000 0.000000 0.000000 0.000000 0.000000 0.000000 0.000000 0.000000 0.000000 0.000000 0.000000 0.000000 0.000000 0.000000 0.000000 0.000000 0.000000 0.000000 0.000000 0.000000 0.000000 0.000000 0.000000 0.000000 0.000000 0.000000 0.000000 0.000000 0.000000 0.000000 0.000000 0.000000 0.000000 0.000000 0.000000 0.000000 0.000000 0.000000 0.000000 0.000000 0.000000 0.000000 0.000000 0.000000 0.000000 0.000000 0.000000 0.000000 0.000000 0.000000 0.000000 0.000000 0.000000 0.000000 0.000000 0.000000 0.000000 0.000000 0.000000 0.000000 1.000000 -9.187085 6.772123 -10.956035 -2.006101 -3.473787 4.246050 -0.848954 -1.312499 -3.925313 9.909986 -7.123056 -9.579449 -2.528092 0.501019 2.844252 1.085391 -21.221445 -1.015345 1.529436 0.017592 1.554929 3.460121 -0.285376 -2.667416 0.600427 1.496290 5.391049 -0.950290 2.414710 -4.312020 -5.679004 -7.366999 1.661815 -20.666833 -16.179508 2.379279 4.532107 4.486278 4.474462 -7.919481 0.094980 -5.863473 4.533006 7.873597 6.539856 -7.910468 4.441580 -7.338265 -8.158344 -4.405398 -9.423660 8.223394 1.184450 -8.209920 -2.119314 -5.259195 -7.876286 -2.861142 -1.539608 4.075668 -11.042445 -2.782653 3.728978 6.092606 0.451481 7.658959 -7.564591 10.867175 4.642521 4.504066 7.250107 -6.500940 4.120740 -2.350747 3.679296
-7.644542 -8.234487 -1.182044 1.659202 -21.226214 -5.412888 45.240077 20.474245 13.176061 -59.804495 -1.709728 -12.951606 -0.010391 9.835621 -17.050506 8.589119 -13.584215 -110.110547 -18.585432 12.590360 -29.908722 -23.472404 -21.330138 -87.399208 -9.079017 -58.520577 0.000000 0.000000 0.000000 0.000000 0.000000 0.000000 0.000000 0.000000 0.000000 0.000000 0.000000 0.000000 0.000000 0.000000 0.000000 0.000000 0.000000 0.000000 0.000000 0.000000 0.000000 0.000000 0.000000 0.000000 0.000000 0.000000 0.000000 0.000000 0.000000 0.000000 0.000000 0.000000 0.000000 0.000000 0.000000 0.000000 0.000000 0.000000 0.000000 0.000000 0.000000 0.000000 0.000000 0.000000 0.000000 0.000000 0.000000 0.000000 0.000000 0.000000 0.000000 0.000000 0.000000 0.000000 0.000000 0.000000 0.000000 0.000000 0.000000 0.000000 0.000000 0.000000 0.000000 0.000000 0.000000 0.000000 0.000000 0.000000 0.000000 0.000000 0.000000 0.000000 0.000000 0.000000 0.000000 0.000000 0.000000 0.000000 0.000000 0.000000 0.000000 0.000000 0.000000 0.000000 0.000000 0.000000 0.000000 0.000000 0.000000 0.000000 0.000000 0.000000 0.000000 0.000000 0.000000 0.000000 0.000000 0.000000 0.000000 1.000000 -0.483131 1.608208 0.128772 0.624375 -0.741222 0.372689 0.181792 0.610727 -1.562749 1.106754 1.199150 0.105689 -0.117257 -0.443805 -0.238598 3.337920 0.278149 -0.037613 -0.199364 -0.149625 -0.296829 0.030581 0.487396 0.326999 0.133880 -0.612020 0.102968 -0.045878 0.590544 1.013284 1.173385 0.156104 2.690049 2.616627 -0.317406 -0.322086 -0.825489 -0.706927 1.113265 0.157472 0.806276 -0.649245 -0.975617 -0.950889 1.380617 -0.658892 1.028438 1.178330 0.474987 1.444036 -1.336762 0.056572 1.323846 0.383658 0.772656 1.009963 0.597112 0.024366 -0.885367 1.577412 0.422372 -0.056067 -0.740617 0.020040 -1.331224 0.890100 -1.457942 -0.691428 -0.377304 -1.022560 1.325068 -0.560575 0.020980 -0.493342
-1.006023 -2.965658 -4.626652 -9.409485 13.400421 -13.758431 -2.926668 -6.465441 3.196534 -1.908314 4.645287 21.116115 12.208850 -4.059548 11.230018 -10.869634 -1.870920 19.428525 6.703111 2.847168 9.838285 -24.779117 -20.490959 -102.848508 23.602641 198.780456 -41.641090 0.000000 0.000000 0.000000 0.000000 0.000000 0.000000 0.000000 0.000000 0.000000 0.000000 0.000000 0.000000 0.000000 0.000000 0.000000 0.000000 0.000000 0.000000 0.000000 0.000000 0.000000 0.000000 0.000000 0.000000 0.000000 0.000000 0.000000 0.000000 0.000000 0.000000 0.000000 0.000000 0.000000 0.000000 0.000000 0.000000 0.000000 0.000000 0.000000 0.000000 0.000000 0.000000 0.000000 0.000000 0.000000 0.000000 0.000000 0.000000 0.000000 0.000000 0.000000 0.000000 0.000000 0.000000 0.000000 0.000000 0.000000 0.000000 0.000000 0.000000 0.000000 0.000000 0.000000 0.000000 0.000000 0.000000 0.000000 0.000000 0.000000 0.000000 0.000000 0.000000 0.000000 0.000000 0.000000 0.000000 0.000000 0.000000 0.000000 0.000000 0.000000 0.000000 0.000000 0.000000 0.000000 0.000000 0.000000 0.000000 0.000000 0.000000 0.000000 0.000000 0.000000 0.000000 0.000000 0.000000 0.000000 0.000000 0.000000 1.000000 1.956237 -0.666661 1.109366 -0.887741 1.220146 -0.277884 1.004232 -2.187192 1.918489 0.494923 -0.979505 -0.341874 -0.640848 -0.197093 4.434038 1.197576 0.874718 -1.243792 0.022388 0.364783 0.010440 0.949024 1.975206 1.453833 0.044272 -0.152864 0.786518 0.555045 1.348242 1.931456 1.327373 1.640290 3.778279 -0.159220 0.802033 -1.329619 -0.864957 1.301910 0.732342 0.691712 -0.985127 -1.016918 -0.878695 2.295923 -0.837324 1.024311 0.993514 -0.722857 2.064578 -1.682145 0.646852 1.812062 0.597540 0.782493 0.878884 1.092295 -0.506956 -1.850695 1.644285 0.504401 2.020557 -0.295662 -0.245398 -2.155910 0.330902 -1.482019 -0.945828 0.702702 -0.705344 2.653950 -0.605225 -0.924937 -0.375165
6.822712 -2.922827 3.454290 16.896422 -28.854324 17.966470 17.678918 1.511495 16.314931 -36.211609 9.356749 82.344180 -16.927346 -13.182366 17.217751 -11.280394 -3.253214 39.850312 19.930431 13.865901 20.944497 -43.007883 -6.810696 -54.937294 -12.010632 -135.056026 49.089742 -65.249487 0.000000 0.000000 0.000000 0.000000 0.000000 0.000000 0.000000 0.000000 0.000000 0.000000 0.000000 0.000000 0.000000 0.000000 0.000000 0.000000 0.000000 0.000000 0.000000 0.000000 0.000000 0.000000 0.000000 0.000000 0.000000 0.000000 0.000000 0.000000 0.000000 0.000000 0.000000 0.000000 0.000000 0.000000 0.000000 0.000000 0.000000 0.000000 0.000000 0.000000 0.000000 0.000000 0.000000 0.000000 0.000000 0.000000 0.000000 0.000000 0.000000 0.000000 0.000000 0.000000 0.000000 0.000000 0.000000 0.000000 0.000000 0.000000 0.000000 0.000000 0.000000 0.000000 0.000000 0.000000 0.000000 0.000000 0.000000 0.000000 0.000000 0.000000 0.000000 0.000000 0.000000 0.000000 0.000000 0.000000 0.000000 0.000000 0.000000 0.000000 0.000000 0.000000 0.000000 0.000000 0.000000 0.000000 0.000000 0.000000 0.000000 0.000000 0.000000 0.000000 0.000000 0.000000 0.000000 0.000000 0.000000 0.000000 0.000000 1.000000 -0.382145 0.752755 -0.329631 0.348858 -0.149162 0.444600 -0.738230 0.821611 -0.071592 -0.647103 0.115348 0.256857 0.266508 1.283146 0.503468 0.758883 -0.057479 -0.239546 0.180783 0.229122 0.260114 0.440078 0.684322 0.510544 0.048186 0.019736 0.218449 -0.031297 0.562734 0.517619 0.308851 0.720045 0.110232 -0.084486 -0.034656 -0.390160 0.831793 -0.369428 0.172967 -0.512208 -0.521373 0.455131 0.656836 -0.542496 0.357839 0.196070 -0.675710 0.816947 -0.182860 -0.065201 0.302387 0.334934 0.465485 0.683347 0.601451 -0.649523 -0.677534 0.260339 0.599383 0.704812 -0.342319 -0.606403 -0.295823 0.265603 -0.796608 -0.334173 0.272767 -0.084800 0.994096 -0.267889 -0.135842 -0.104495
4.905697 3.426215 5.790685 16.656964 -16.568427 17.709816 14.024258 3.383595 -2.785702 12.855283 2.513303 61.512643 -18.501901 3.925216 19.301701 22.708612 16.947209 40.314807 -14.583432 1.304107 -40.998933 -15.510721 19.550882 86.933766 -44.629788 -379.993437 109.546125 -75.588639 0.373701 0.000000 0.000000 0.000000 0.000000 0.000000 0.000000 0.000000 0.000000 0.000000 0.000000 0.000000 0.000000 0.000000 0.000000 0.000000 0.000000 0.000000 0.000000 0.000000 0.000000 0.000000 0.000000 0.000000 0.000000 0.000000 0.000000 0.000000 0.000000 0.000000 0.000000 0.000000 0.000000 0.000000 0.000000 0.000000 0.000000 0.000000 0.000000 0.000000 0.000000 0.000000 0.000000 0.000000 0.000000 0.000000 0.000000 0.000000 0.000000 0.000000 0.000000 0.000000 0.000000 0.000000 0.000000 0.000000 0.000000 0.000000 0.000000 0.000000 0.000000 0.000000 0.000000 0.000000 0.000000 0.000000 0.000000 0.000000 0.000000 0.000000 0.000000 0.000000 0.000000 0.000000 0.000000 0.000000 0.000000 0.000000 0.000000 0.000000 0.000000 0.000000 0.000000 0.000000 0.000000 0.000000 0.000000 0.000000 0.000000 0.000000 0.000000 0.000000 0.000000 0.000000 0.000000 0.000000 0.000000 0.000000 0.000000 0.000000 1.000000 16.875598 54.333394 -41.300765 -23.119881 -72.649379 88.258043 -87.207577 -116.176187 -62.342255 -22.794122 118.309246 90.709248 -164.276371 23.903828 -6.694081 10.531289 2.798759 10.381821 70.279321 -112.404982 -102.993929 -32.434712 60.025701 48.626596 1.778348 -34.897561 -27.382273 49.586463 38.539176 -158.943472 -150.783879 63.247270 -68.478851 49.874432 -47.053409 -59.283671 -53.790818 -30.131382 132.306917 9.359315 110.339961 -71.140380 54.027295 -54.426687 -61.157429 -74.519663 -80.604595 72.991158 -44.762680 -59.936452 -78.226007 -24.134393 -42.945820 26.101919 -160.114122 15.999352 -191.384742 -22.292551 -6.058170 81.689063 -120.559205 23.535366 -135.846976 -9.310890 73.235561 18.621171 101.724707 -56.014093 10.737182 3.933336 -3.590182
-7.498085 -12.381874 1.917118 -4.425082 -9.384942 -9.796324 17.038496 1.581067 16.464687 -47.150657 10.084697 49.818224 12.811973 2.909295 2.179004 4.775355 -14.968679 -105.574900 -13.001922 -0.949302 -62.601083 -57.160600 -26.524167 -105.352410 -10.041553 -79.805641 4.980115 36.852528 0.948968 -26.940871 0.000000 0.000000 0.000000 0.000000 0.000000 0.000000 0.000000 0.000000 0.000000 0.000000 0.000000 0.000000 0.000000 0.000000 0.000000 0.000000 0.000000 0.000000 0.000000 0.000000 0.000000 0.000000 0.000000 0.000000 0.000000 0.000000 0.000000 0.000000 0.000000 0.000000 0.000000 0.000000 0.000000 0.000000 0.000000 0.000000 0.000000 0.000000 0.000000 0.000000 0.000000 0.000000 0.000000 0.000000 0.000000 0.000000 0.000000 0.000000 0.000000 0.000000 0.000000 0.000000 0.000000 0.000000 0.000000 0.000000 0.000000 0.000000 0.000000 0.000000 0.000000 0.000000 0.000000 0.000000 0.000000 0.000000 0.000000 0.000000 0.000000 0.000000 0.000000 0.000000 0.000000 0.000000 0.000000 0.000000 0.000000 0.000000 0.000000 0.000000 0.000000 0.000000 0.000000 0.000000 0.000000 0.000000 0.000000 0.000000 0.000000 0.000000 0.000000 0.000000 0.000000 0.000000 0.000000 0.000000 0.000000 0.000000 0.000000 1.000000 2.213011 -1.077511 -1.055364 -2.811758 3.269500 -3.092645 -5.169280 -1.707546 -0.373442 5.019931 3.306328 -7.358475 0.881865 0.783884 0.752006 -0.492628 0.792358 2.710849 -3.615766 -4.345986 -1.051449 3.878210 2.575931 -0.091161 -2.052728 -2.146907 1.091994 0.825073 -7.084259 -6.986577 2.154457 -3.083727 3.296364 -1.595496 -1.569636 -3.191912 -0.941272 3.731019 0.771870 5.483572 -3.446969 1.481414 -2.661087 -2.949625 -3.388988 -3.428848 4.248065 -2.045463 -2.948919 -2.702560 -0.867159 -1.387199 1.007556 -6.645880 0.870252 -7.863307 -0.869087 -0.147088 2.261000 -5.528224 2.117517 -5.133363 -0.582278 3.132247 0.855223 4.387445 -2.292103 1.086359 -0.274925 -0.092525
1.861417 6.978473 5.500188 1.846322 14.779570 0.493718 -7.705322 -4.176427 -12.039549 39.896621 -3.423263 5.034496 4.178913 -12.307444 45.991477 -7.233166 17.965222 175.778615 13.564672 -7.032452 57.767910 36.954173 9.536709 36.165606 13.836592 108.413095 -22.707139 5.225582 2.976599 -78.783447 -1.802856 0.000000 0.000000 0.000000 0.000000 0.000000 0.000000 0.000000 0.000000 0.000000 0.000000 0.000000 0.000000 0.000000 0.000000 0.000000 0.000000 0.000000 0.000000 0.000000 0.000000 0.000000 0.000000 0.000000 0.000000 0.000000 0.000000 0.000000 0.000000 0.000000 0.000000 0.000000 0.000000 0.000000 0.000000 0.000000 0.000000 0.000000 0.000000 0.000000 0.000000 0.000000 0.000000 0.000000 0.000000 0.000000 0.000000 0.000000 0.000000 0.000000 0.000000 0.000000 0.000000 0.000000 0.000000 0.000000 0.000000 0.000000 0.000000 0.000000 0.000000 0.000000 0.000000 0.000000 0.000000 0.000000 0.000000 0.000000 0.000000 0.000000 0.000000 0.000000 0.000000 0.000000 0.000000 0.000000 0.000000 0.000000 0.000000 0.000000 0.000000 0.000000 0.000000 0.000000 0.000000 0.000000 0.000000 0.000000 0.000000 0.000000 0.000000 0.000000 0.000000 0.000000 0.000000 0.000000 0.000000 0.000000 0.000000 0.000000 1.000000 -33.882437 4.498814 -2.800287 -7.952004 -11.230341 20.293457 -38.995929 -33.261444 -25.068379 11.963135 62.831372 16.879722 -40.519839 -17.135352 35.040522 -6.454580 21.815888 -27.501903 13.461603 -3.587199 -64.738334 -20.972018 24.684233 53.188854 42.263892 40.603095 13.768026 44.489671 59.418861 -5.018949 22.775307 -79.052719 -16.121024 -27.185198 61.032466 -7.832935 58.169837 -42.458450 -79.644459 56.264233 30.208386 40.100138 28.742488 13.936315 18.587600 -79.484979 26.683772 29.624714 -15.422007 -16.533963 -9.746868 -1.440811 20.057694 -15.284119 11.310792 -5.967237 -6.692374 54.117865 36.175300 -60.932831 -27.130400 -6.656195 -9.661189 -4.883943 -35.106760 26.733734 -33.406534 13.061799 -2.742754
-3.691784 -8.460823 -0.642328 -7.917971 -5.812189 -14.684023 21.578859 3.157157 -2.120486 0.051772 -2.416297 28.076596 8.937294 -5.543144 37.198901 -18.045928 -3.925551 70.963220 -0.866900 6.094812 54.830843 31.357790 34.200033 121.078631 -42.753181 -418.299587 114.460204 -60.878403 20.399028 -353.762146 -331.727881 -10791.133311 0.000000 0.000000 0.000000 0.000000 0.000000 0.000000 0.000000 0.000000 0.000000 0.000000 0.000000 0.000000 0.000000 0.000000 0.000000 0.000000 0.000000 0.000000 0.000000 0.000000 0.000000 0.000000 0.000000 0.000000 0.000000 0.000000 0.000000 0.000000 0.000000 0.000000 0.000000 0.000000 0.000000 0.000000 0.000000 0.000000 0.000000 0.000000 0.000000 0.000000 0.000000 0.000000 0.000000 0.000000 0.000000 0.000000 0.000000 0.000000 0.000000 0.000000 0.000000 0.000000 0.000000 0.000000 0.000000 0.000000 0.000000 0.000000 0.000000 0.000000 0.000000 0.000000 0.000000 0.000000 0.000000 0.000000 0.000000 0.000000 0.000000 0.000000 0.000000 0.000000 0.000000 0.000000 0.000000 0.000000 0.000000 0.000000 0.000000 0.000000 0.000000 0.000000 0.000000 0.000000 0.000000 0.000000 0.000000 0.000000 0.000000 0.000000 0.000000 0.000000 0.000000 0.000000 0.000000 0.000000 0.000000 0.000000 0.000000 1.000000 -0.148450 0.040735 0.302145 0.283684 -0.672051 1.138687 0.989596 0.827254 -0.304579 -2.001467 -0.500943 1.209111 0.520730 -1.056702 0.192515 -0.626765 0.754168 -0.464073 0.084111 1.976248 0.651264 -0.754270 -1.634622 -1.280083 -1.192862 -0.377061 -1.435466 -1.882117 0.200764 -0.727233 2.415579 0.459247 0.777129 -1.872623 0.215278 -1.661629 1.296483 2.475993 -1.751110 -0.877746 -1.247044 -0.903225 -0.458436 -0.611666 2.441637 -0.838005 -0.927004 0.412846 0.489777 0.262624 0.060130 -0.699541 0.471300 -0.449626 0.169734 0.200996 -1.585814 -1.157733 1.851255 0.745475 0.207064 0.332417 0.158389 1.128861 -0.852012 1.010122 -0.383607 0.083021
-3.994339 -2.892364 -2.546242 -2.673838 5.680736 -15.451757 24.607422 -1.765753 6.122205 -9.103145 -0.019346 30.890531 -14.209045 4.804317 19.693489 14.786151 11.290292 25.101839 5.116781 4.592975 -37.854803 -40.433726 5.846827 50.724487 13.389600 136.656544 -47.741606 45.887292 9.511000 -173.764452 -127.546767 -4108.546319 -14.991323 0.000000 0.000000 0.000000 0.000000 0.000000 0.000000 0.000000 0.000000 0.000000 0.000000 0.000000 0.000000 0.000000 0.000000 0.000000 0.000000 0.000000 0.000000 0.000000 0.000000 0.000000 0.000000 0.000000 0.000000 0.000000 0.000000 0.000000 0.000000 0.000000 0.000000 0.000000 0.000000 0.000000 0.000000 0.000000 0.000000 0.000000 0.000000 0.000000 0.000000 0.000000 0.000000 0.000000 0.000000 0.000000 0.000000 0.000000 0.000000 0.000000 0.000000 0.000000 0.000000 0.000000 0.000000 0.000000 0.000000 0.000000 0.000000 0.000000 0.000000 0.000000 0.000000 0.000000 0.000000 0.000000 0.000000 0.000000 0.000000 0.000000 0.000000 0.000000 0.000000 0.000000 0.000000 0.000000 0.000000 0.000000 0.000000 0.000000 0.000000 0.000000 0.000000 0.000000 0.000000 0.000000 0.000000 0.000000 0.000000 0.000000 0.000000 0.000000 0.000000 0.000000 0.000000 0.000000 0.000000 0.000000 0.000000 0.000000 1.000000 -1.138418 3.590370 -3.316901 -5.237990 0.458779 3.198321 4.625821 -0.664317 -5.537292 -1.102694 1.650318 3.659930 -2.209203 1.019419 -0.885526 -1.643349 -4.087637 0.425650 4.936622 2.904100 -0.375418 -2.006056 -2.741761 -1.095475 0.583311 -6.560522 -6.496445 2.081485 -1.897528 5.538138 -0.949068 0.509029 -6.714781 -0.175338 0.939648 4.898979 7.537287 -3.737041 0.704441 -3.629314 -1.712030 -0.415216 -1.930969 4.985394 -0.444247 -3.240073 1.006824 2.949341 1.424746 2.838524 -5.744642 -0.313619 -5.647329 1.449259 -1.803315 -1.350745 -4.669836 2.979428 -0.748671 1.283234 2.534763 0.713156 2.040580 -1.572365 3.775927 -1.734362 -0.372032
5.799909 2.524574 -3.856673 1.547746 7.629413 -2.588755 6.091776 -9.039995 -3.670926 25.248379 -6.979523 -6.761771 -14.344922 -8.499778 28.942673 -31.905165 -35.918148 -115.152676 12.296923 15.794396 63.532646 -2.081413 -37.062082 -171.664926 53.144273 404.776495 -156.768125 165.995689 7.672900 -161.485982 -122.875057 -3976.227042 -8.401946 -45.803726 0.000000 0.000000 0.000000 0.000000 0.000000 0.000000 0.000000 0.000000 0.000000 0.000000 0.000000 0.000000 0.000000 0.000000 0.000000 0.000000 0.000000 0.000000 0.000000 0.000000 0.000000 0.000000 0.000000 0.000000 0.000000 0.000000 0.000000 0.000000 0.000000 0.000000 0.000000 0.000000 0.000000 0.000000 0.000000 0.000000 0.000000 0.000000 0.000000 0.000000 0.000000 0.000000 0.000000 0.000000 0.000000 0.000000 0.000000 0.000000 0.000000 0.000000 0.000000 0.000000 0.000000 0.000000 0.000000 0.000000 0.000000 0.000000 0.000000 0.000000 0.000000 0.000000 0.000000 0.000000 0.000000 0.000000 0.000000 0.000000 0.000000 0.000000 0.000000 0.000000 0.000000 0.000000 0.000000 0.000000 0.000000 0.000000 0.000000 0.000000 0.000000 0.000000 0.000000 0.000000 0.000000 0.000000 0.000000 0.000000 0.000000 0.000000 0.000000 0.000000 0.000000 0.000000 0.000000 0.000000 0.000000 0.000000 0.000000 1.000000 -0.627826 1.886928 1.248517 -0.797925 0.930979 -1.202808 0.027647 1.038218 -0.013997 0.496371 -0.176472 0.782625 -0.291941 -0.193725 0.884153 1.397071 0.635619 -0.618356 -1.542987 0.468378 1.375574 -0.677995 -0.487174 -0.527586 1.984830 -0.165973 -0.869926 0.573208 -0.529834 1.128484 -0.041915 1.100761 -0.068998 -1.587199 -1.789170 -1.092260 0.840697 -0.365443 0.490298 0.558447 -0.477380 0.885599 -0.412779 0.201348 0.311949 1.325295 0.061018 0.776737 -1.606337 2.023151 0.332154 1.444477 0.884223 0.377453 0.646051 1.349612 0.140001 1.551093 -0.554834 -1.293019 -0.035390 -1.915546 0.738871 -1.311286 0.399503 -0.328788
6.192452 0.606624 -7.915483 0.282461 -10.303077 -6.503381 46.135079 31.887765 6.071611 -21.470154 -15.823451 -81.487152 -47.216664 -11.173569 5.991090 -10.499458 -45.710106 -205.909859 17.148002 -7.826784 15.913783 19.927242 -8.851501 -34.634949 2.887058 37.795021 -20.568227 21.518297 -6.808321 110.994088 102.938455 3344.315385 -2.172273 -20.838698 35.743136 0.000000 0.000000 0.000000 0.000000 0.000000 0.000000 0.000000 0.000000 0.000000 0.000000 0.000000 0.000000 0.000000 0.000000 0.000000 0.000000 0.000000 0.000000 0.000000 0.000000 0.000000 0.000000 0.000000 0.000000 0.000000 0.000000 0.000000 0.000000 0.000000 0.000000 0.000000 0.000000 0.000000 0.000000 0.000000 0.000000 0.000000 0.000000 0.000000 0.000000 0.000000 0.000000 0.000000 0.000000 0.000000 0.000000 0.000000 0.000000 0.000000 0.000000 0.000000 0.000000 0.000000 0.000000 0.000000 0.000000 0.000000 0.000000 0.000000 0.000000 0.000000 0.000000 0.000000 0.000000 0.000000 0.000000 0.000000 0.000000 0.000000 0.000000 0.000000 0.000000 0.000000 0.000000 0.000000 0.000000 0.000000 0.000000 0.000000 0.000000 0.000000 0.000000 0.000000 0.000000 0.000000 0.000000 0.000000 0.000000 0.000000 0.000000 0.000000 0.000000 0.000000 0.000000 0.000000 0.000000 0.000000 0.000000 0.000000 1.000000 -0.528776 -1.166440 -1.204338 0.863200 1.359983 0.351373 -1.793565 -0.351877 0.360687 1.219388 -0.039266 0.018525 0.166169 -1.051602 -0.991761 0.053688 1.177209 -0.340875 0.029747 -0.468825 -0.896194 -0.568307 0.239311 -1.513689 -1.865166 0.478333 -0.669659 1.284189 0.001203 -0.371678 -0.908333 -0.553661 -0.242836 0.531759 1.972721 -1.186608 0.202000 -0.912077 -0.807368 -0.889328 -0.625082 1.197433 -0.786357 -0.835719 -0.253464 0.219248 -0.077039 0.258534 -1.228708 0.030125 -1.338624 0.497690 0.038094 0.217651 -0.605489 1.341229 0.470226 0.253010 0.481691 0.115517 0.735516 -0.084994 0.469886 0.160831 0.854244
-5.373115 0.626441 4.934905 0.384320 5.528234 -9.385957 38.065664 1.625530 12.404507 -46.797838 -0.790624 -8.609419 23.376470 6.372338 -7.621365 -9.647418 -4.177708 8.042927 -17.875524 6.427836 17.616417 1.566657 -8.713293 -32.903755 27.449785 242.761786 -64.685746 46.491615 0.475180 -39.446557 47.248044 1587.322199 4.015232 -2.543796 -28.184074 11.096827 0.000000 0.000000 0.000000 0.000000 0.000000 0.000000 0.000000 0.000000 0.000000 0.000000 0.000000 0.000000 0.000000 0.000000 0.000000 0.000000 0.000000 0.000000 0.000000 0.000000 0.000000 0.000000 0.000000 0.000000 0.000000 0.000000 0.000000 0.000000 0.000000 0.000000 0.000000 0.000000 0.000000 0.000000 0.000000 0.000000 0.000000 0.000000 0.000000 0.000000 0.000000 0.000000 0.000000 0.000000 0.000000 0.000000 0.000000 0.000000 0.000000 0.000000 0.000000 0.000000 0.000000 0.000000 0.000000 0.000000 0.000000 0.000000 0.000000 0.000000 0.000000 0.000000 0.000000 0.000000 0.000000 0.000000 0.000000 0.000000 0.000000 0.000000 0.000000 0.000000 0.000000 0.000000 0.000000 0.000000 0.000000 0.000000 0.000000 0.000000 0.000000 0.000000 0.000000 0.000000 0.000000 0.000000 0.000000 0.000000 0.000000 0.000000 0.000000 0.000000 0.000000 0.000000 0.000000 0.000000 0.000000 0.000000 0.000000 1.000000 -3.401170 -1.376653 2.512717 0.269535 1.133905 -3.198694 2.006549 3.247711 2.751434 1.335572 -0.284798 2.860799 -1.340446 0.002671 -2.566059 3.565928 -1.207044 0.968652 1.396410 -3.401854 -4.751037 -3.688870 -2.418057 -5.624360 -3.402067 -0.811363 2.243595 2.076025 0.821031 1.375644 0.288161 -5.747788 -1.504895 2.596332 -2.281269 -0.572586 -0.764673 -2.158169 -3.410952 -2.913205 2.427895 -2.907952 -2.112650 0.265469 -2.185905 -0.074969 -2.694033 -1.327131 1.054437 -3.356592 0.006677 0.740642 0.387042 -1.224038 4.264702 0.847774 -2.646534 0.217375 -2.168234 -2.601726 0.901335 1.166816 0.124295 2.391910
-2.198927 -9.593340 0.192959 -5.946587 4.605514 -8.264348 -10.102131 -21.920780 6.541201 -12.598533 -4.575569 -56.372413 24.916853 3.213182 -7.089870 -5.840943 1.108809 39.641621 -24.703637 -9.218620 -16.774373 -14.346850 -6.184520 -25.474037 0.328166 8.159243 -0.539560 -8.258159 2.267389 -58.370213 15.452935 545.023208 11.292603 52.037147 -59.985632 -35.158463 -180.808129 0.000000 0.000000 0.000000 0.000000 0.000000 0.000000 0.000000 0.000000 0.000000 0.000000 0.000000 0.000000 0.000000 0.000000 0.000000 0.000000 0.000000 0.000000 0.000000 0.000000 0.000000 0.000000 0.000000 0.000000 0.000000 0.000000 0.000000 0.000000 0.000000 0.000000 0.000000 0.000000 0.000000 0.000000 0.000000 0.000000 0.000000 0.000000 0.000000 0.000000 0.000000 0.000000 0.000000 0.000000 0.000000 0.000000 0.000000 0.000000 0.000000 0.000000 0.000000 0.000000 0.000000 0.000000 0.000000 0.000000 0.000000 0.000000 0.000000 0.000000 0.000000 0.000000 0.000000 0.000000 0.000000 0.000000 0.000000 0.000000 0.000000 0.000000 0.000000 0.000000 0.000000 0.000000 0.000000 0.000000 0.000000 0.000000 0.000000 0.000000 0.000000 0.000000 0.000000 0.000000 0.000000 0.000000 0.000000 0.000000 0.000000 0.000000 0.000000 0.000000 0.000000 0.000000 0.000000 0.000000 0.000000 0.000000 0.000000 1.000000 0.425636 -0.361926 -0.258561 -0.269729 0.754306 -0.475963 -0.778083 -0.704457 -0.357612 0.069297 -0.652376 0.512740 0.089342 0.698571 -0.940608 0.246357 -0.244453 -0.087312 0.731209 0.903010 0.768994 0.775239 0.962258 0.582720 0.187364 -0.594684 -0.320402 -0.155560 -0.292127 0.044499 1.232868 0.040761 -0.651955 0.512202 0.034729 0.153894 0.595066 0.872341 0.792167 -0.581740 0.693800 0.539190 0.168013 0.547716 0.185285 0.360301 0.579940 -0.004426 0.819288 0.147959 -0.250635 0.002583 0.424372 -0.908556 -0.116225 0.569396 -0.155338 0.531252 0.201149 -0.202640 -0.425898 -0.000148 -0.807467
4.726388 10.938187 12.283856 20.692130 -14.992240 33.425456 -10.297772 -2.461453 3.331209 -20.216526 10.392131 52.820453 15.828229 4.272609 -22.985877 16.056420 31.716951 133.510322 -2.282861 -14.898501 -39.057189 -10.479765 8.584985 40.827454 -19.855075 -140.321513 51.406075 -75.597496 -9.338520 182.990764 141.635944 4607.085127 9.595470 44.725153 -28.652569 -39.711164 -134.145883 -47.717195 0.000000 0.000000 0.000000 0.000000 0.000000 0.000000 0.000000 0.000000 0.000000 0.000000 0.000000 0.000000 0.000000 0.000000 0.000000 0.000000 0.000000 0.000000 0.000000 0.000000 0.000000 0.000000 0.000000 0.000000 0.000000 0.000000 0.000000 0.000000 0.000000 0.000000 0.000000 0.000000 0.000000 0.000000 0.000000 0.000000 0.000000 0.000000 0.000000 0.000000 0.000000 0.000000 0.000000 0.000000 0.000000 0.000000 0.000000 0.000000 0.000000 0.000000 0.000000 0.000000 0.000000 0.000000 0.000000 0.000000 0.000000 0.000000 0.000000 0.000000 0.000000 0.000000 0.000000 0.000000 0.000000 0.000000 0.000000 0.000000 0.000000 0.000000 0.000000 0.000000 0.000000 0.000000 0.000000 0.000000 0.000000 0.000000 0.000000 0.000000 0.000000 0.000000 0.000000 0.000000 0.000000 0.000000 0.000000 0.000000 0.000000 0.000000 0.000000 0.000000 0.000000 0.000000 0.000000 0.000000 0.000000 0.000000 0.000000 1.000000 -0.363548 0.431976 -0.187989 -1.050429 -0.533859 0.116324 -0.390998 -0.407759 -0.009936 -0.940016 0.393477 -0.028167 0.316485 0.624671 0.380638 -0.460796 -1.133233 -0.564151 0.145470 0.298279 -0.210752 -0.013883 0.607339 -0.181757 0.916153 0.012872 0.284444 -1.019957 -0.170929 0.580569 1.026843 0.345139 -0.396591 -0.293863 -0.275361 -0.389816 0.188931 -0.128774 0.815453 0.244792 -0.669702 0.198086 0.596133 -0.053919 0.171823 -0.255054 -0.114184 0.485573 -0.155966 -0.313724 -0.929367 -0.478428 0.279041 0.241178 0.530293 0.145406 0.223408 1.110845 -0.686379 0.528056 -0.017864 -0.078543
-9.984542 -6.049489 2.768296 -5.326256 5.320599 -12.271922 18.687491 -13.840948 14.065863 -39.668790 2.432497 -2.927522 38.711373 -3.802257 4.269261 -27.156855 -6.719198 66.095118 -2.354557 9.268317 63.492909 10.331636 -27.793666 -151.625759 40.276730 323.640942 -70.476457 3.119447 -11.355373 184.643513 199.837150 6513.338008 8.518985 36.997289 9.046456 -34.646665 -163.877491 73.845325 6.712285 0.000000 0.000000 0.000000 0.000000 0.000000 0.000000 0.000000 0.000000 0.000000 0.000000 0.000000 0.000000 0.000000 0.000000 0.000000 0.000000 0.000000 0.000000 0.000000 0.000000 0.000000 0.000000 0.000000 0.000000 0.000000 0.000000 0.000000 0.000000 0.000000 0.000000 0.000000 0.000000 0.000000 0.000000 0.000000 0.000000 0.000000 0.000000 0.000000 0.000000 0.000000 0.000000 0.000000 0.000000 0.000000 0.000000 0.000000 0.000000 0.000000 0.000000 0.000000 0.000000 0.000000 0.000000 0.000000 0.000000 0.000000 0.000000 0.000000 0.000000 0.000000 0.000000 0.000000 0.000000 0.000000 0.000000 0.000000 0.000000 0.000000 0.000000 0.000000 0.000000 0.000000 0.000000 0.000000 0.000000 0.000000 0.000000 0.000000 0.000000 0.000000 0.000000 0.000000 0.000000 0.000000 0.000000 0.000000 0.000000 0.000000 0.000000 0.000000 0.000000 0.000000 0.000000 0.000000 0.000000 0.000000 0.000000 0.000000 1.000000 -7.322205 -1.827861 15.701521 6.214663 -7.103326 3.642855 -1.070887 1.976005 10.149783 0.716343 0.106022 -2.807132 -7.238915 4.877801 1.150188 13.306074 7.039096 1.100102 -7.571018 3.266690 0.881285 -7.677465 0.608668 -11.114782 -2.250232 1.287134 7.427205 6.874156 -2.304219 -11.617447 -6.090049 7.657384 4.161747 2.611821 5.317209 3.095377 2.331812 -12.437570 -1.778745 10.366009 1.089858 -8.015053 3.944217 0.436128 5.903971 5.580630 -5.317662 -1.563686 -0.556731 6.682781 1.271106 -10.004027 -6.572192 -7.584987 -1.749266 -2.923198 -16.108230 6.232477 -3.421952 -2.609240 -7.965700
0.702483 -6.035113 -2.078670 -7.881902 -0.999729 -2.772246 -27.404456 -13.037969 -16.605589 41.142873 -4.798063 -26.883467 14.531165 11.410233 -17.090933 12.282925 23.411366 82.287117 -30.969789 -11.278701 -24.469210 34.512818 37.517681 173.454296 -38.820061 -317.609954 95.265486 -84.538667 -15.340737 287.243889 241.436701 7826.567562 25.751595 69.285916 -58.188278 -49.988639 -198.841875 -33.053191 -8.722829 -46.369078 0.000000 0.000000 0.000000 0.000000 0.000000 0.000000 0.000000 0.000000 0.000000 0.000000 0.000000 0.000000 0.000000 0.000000 0.000000 0.000000 0.000000 0.000000 0.000000 0.000000 0.000000 0.000000 0.000000 0.000000 0.000000 0.000000 0.000000 0.000000 0.000000 0.000000 0.000000 0.000000 0.000000 0.000000 0.000000 0.000000 0.000000 0.000000 0.000000 0.000000 0.000000 0.000000 0.000000 0.000000 0.000000 0.000000 0.000000 0.000000 0.000000 0.000000 0.000000 0.000000 0.000000 0.000000 0.000000 0.000000 0.000000 0.000000 0.000000 0.000000 0.000000 0.000000 0.000000 0.000000 0.000000 0.000000 0.000000 0.000000 0.000000 0.000000 0.000000 0.000000 0.000000 0.000000 0.000000 0.000000 0.000000 0.000000 0.000000 0.000000 0.000000 0.000000 0.000000 0.000000 0.000000 0.000000 0.000000 0.000000 0.000000 0.000000 0.000000 0.000000 0.000000 0.000000 0.000000 0.000000 0.000000 0.000000 0.000000 1.000000 -0.458708 -2.527216 -0.552451 1.974761 -0.321955 0.333940 -0.438897 -2.060019 0.437574 0.059702 0.786965 1.453069 -1.074509 -0.381988 -2.025061 -1.256530 0.021962 1.159455 -1.078414 0.122181 1.508957 0.222104 1.761315 0.686018 0.381391 -1.491176 -1.094402 0.571942 2.142003 0.945924 -0.922316 -0.425750 -0.400692 -0.680321 -0.364671 -0.366015 2.072156 0.834156 -1.632663 -0.186960 1.665967 -0.340910 0.259766 -1.059057 -1.813057 0.748641 0.537902 -0.311758 -1.079410 -0.705227 1.767688 0.813277 1.278024 0.491118 0.680826 2.603467 -1.078196 0.429765 0.332176 1.464641
3.198658 -2.430978 6.496514 3.907471 -5.260626 3.698244 5.075315 -13.944052 -7.933362 21.178092 4.494990 89.163930 22.958556 -4.361108 42.214598 -34.126338 -12.190494 40.070067 -16.242422 4.615107 41.990275 -4.744197 28.884252 96.166843 -28.638562 -310.236774 86.240162 -45.083688 20.833568 -342.732266 -378.747060 -12361.472280 -2.956554 -1.665427 22.145908 6.316517 45.136740 -7.166427 -32.936378 -250.322385 -153.590486 0.000000 0.000000 0.000000 0.000000 0.000000 0.000000 0.000000 0.000000 0.000000 0.000000 0.000000 0.000000 0.000000 0.000000 0.000000 0.000000 0.000000 0.000000 0.000000 0.000000 0.000000 0.000000 0.000000 0.000000 0.000000 0.000000 0.000000 0.000000 0.000000 0.000000 0.000000 0.000000 0.000000 0.000000 0.000000 0.000000 0.000000 0.000000 0.000000 0.000000 0.000000 0.000000 0.000000 0.000000 0.000000 0.000000 0.000000 0.000000 0.000000 0.000000 0.000000 0.000000 0.000000 0.000000 0.000000 0.000000 0.000000 0.000000 0.000000 0.000000 0.000000 0.000000 0.000000 0.000000 0.000000 0.000000 0.000000 0.000000 0.000000 0.000000 0.000000 0.000000 0.000000 0.000000 0.000000 0.000000 0.000000 0.000000 0.000000 0.000000 0.000000 0.000000 0.000000 0.000000 0.000000 0.000000 0.000000 0.000000 0.000000 0.000000 0.000000 0.000000 0.000000 0.000000 0.000000 0.000000 0.000000 0.000000 0.000000 1.000000 0.625097 -0.498612 -1.622330 0.096009 -0.364035 0.496249 1.349109 -0.707980 -0.328289 -0.433245 -0.452040 0.878343 0.492410 0.614261 0.298027 -0.525407 -0.498698 0.949486 -0.582809 -0.892576 -0.603865 -0.587243 -0.627854 -0.793338 0.723206 0.218369 -0.660778 -1.002200 -0.197319 -0.025825 -0.269460 0.032479 -0.101167 -0.085213 0.122235 -0.711367 -0.831658 0.396540 0.107453 -1.137383 -0.170028 -0.468267 0.519090 1.861849 -0.306197 -0.393624 0.467224 0.482327 0.881208 -0.509628 0.161891 -0.453732 -0.222676 -0.354869 -0.920405 0.737742 0.157038 0.044547 -0.682865
-5.614391 0.834630 9.332293 16.524176 -27.023787 10.724871 48.607841 7.561919 21.405142 -55.766251 -2.868904 8.177298 -27.631989 -12.249044 30.895944 -18.452967 -23.354390 -51.724118 31.999644 -5.852431 6.945318 -13.149617 27.628888 119.287705 -39.733295 -348.307354 92.309879 -47.838249 18.728504 -302.480531 -356.791720 -11654.470487 -5.068378 -31.116608 21.187517 54.664592 240.354998 -37.263692 -57.526338 -371.051699 -248.948370 59.648663 0.000000 0.000000 0.000000 0.000000 0.000000 0.000000 0.000000 0.000000 0.000000 0.000000 0.000000 0.000000 0.000000 0.000000 0.000000 0.000000 0.000000 0.000000 0.000000 0.000000 0.000000 0.000000 0.000000 0.000000 0.000000 0.000000 0.000000 0.000000 0.000000 0.000000 0.000000 0.000000 0.000000 0.000000 0.000000 0.000000 0.000000 0.000000 0.000000 0.000000 0.000000 0.000000 0.000000 0.000000 0.000000 0.000000 0.000000 0.000000 0.000000 0.000000 0.000000 0.000000 0.000000 0.000000 0.000000 0.000000 0.000000 0.000000 0.000000 0.000000 0.000000 0.000000 0.000000 0.000000 0.000000 0.000000 0.000000 0.000000 0.000000 0.000000 0.000000 0.000000 0.000000 0.000000 0.000000 0.000000 0.000000 0.000000 0.000000 0.000000 0.000000 0.000000 0.000000 0.000000 0.000000 0.000000 0.000000 0.000000 0.000000 0.000000 0.000000 0.000000 0.000000 0.000000 0.000000 0.000000 0.000000 0.000000 0.000000 1.000000 0.227329 -1.134997 1.377024 0.000159 0.668032 1.728136 -0.314177 -0.597250 0.152862 0.368403 1.075170 0.276935 1.500942 0.142013 -0.172634 -0.912977 0.343266 -0.048807 -0.384283 -0.534964 -1.560006 -0.596711 0.002722 0.890659 -0.058265 -0.371664 -1.088744 -0.418077 1.222507 0.177416 0.159311 0.189889 -0.155699 -0.078737 -1.750882 -0.083368 1.058404 -0.241353 -1.737658 0.289783 0.344757 0.481650 0.894075 -1.257176 0.010827 -0.175284 1.495898 0.146303 -0.904771 -0.447548 -0.891602 0.459613 0.283372 -1.302733 1.721893 -0.039105 0.402106 -0.572561
3.705600 3.173524 -6.472646 1.881744 -2.111792 -0.749955 17.125834 12.121794 7.884902 -20.507902 -4.130027 -24.989609 -24.345480 3.448479 -9.601919 17.693421 5.446520 -5.238795 20.269931 -3.074069 -27.021616 -23.490004 3.118576 12.578067 -25.484233 -202.373646 69.218162 -90.107522 -9.242570 163.034458 138.922445 4507.805959 -12.530905 -34.240635 47.479523 22.859285 58.535260 6.583744 17.989747 144.942776 94.646671 47.428353 -15.994091 0.000000 0.000000 0.000000 0.000000 0.000000 0.000000 0.000000 0.000000 0.000000 0.000000 0.000000 0.000000 0.000000 0.000000 0.000000 0.000000 0.000000 0.000000 0.000000 0.000000 0.000000 0.000000 0.000000 0.000000 0.000000 0.000000 0.000000 0.000000 0.000000 0.000000 0.000000 0.000000 0.000000 0.000000 0.000000 0.000000 0.000000 0.000000 0.000000 0.000000 0.000000 0.000000 0.000000 0.000000 0.000000 0.000000 0.000000 0.000000 0.000000 0.000000 0.000000 0.000000 0.000000 0.000000 0.000000 0.000000 0.000000 0.000000 0.000000 0.000000 0.000000 0.000000 0.000000 0.000000 0.000000 0.000000 0.000000 0.000000 0.000000 0.000000 0.000000 0.000000 0.000000 0.000000 0.000000 0.000000 0.000000 0.000000 0.000000 0.000000 0.000000 0.000000 0.000000 0.000000 0.000000 0.000000 0.000000 0.000000 0.000000 0.000000 0.000000 0.000000 0.000000 0.000000 0.000000 0.000000 0.000000 0.000000 0.000000 1.000000 -3.560359 5.750718 0.536337 2.446819 6.244096 -2.047997 -2.057390 -0.717714 3.751682 2.646702 1.934543 3.737729 -1.157730 -6.373274 -4.655815 0.183124 -1.256541 -4.385216 -2.413808 -5.475460 -0.636826 0.039771 6.367014 -1.150045 -5.256659 -3.662632 -1.219204 2.150177 -0.329126 0.657828 -0.369088 -1.671383 -2.952881 -4.918600 -2.980372 1.563203 -3.123975 -9.373544 -1.640614 -1.283537 2.607062 5.144168 -3.387569 -1.086278 -1.268399 3.035928 4.001793 0.890451 2.476512 -1.806469 2.682941 0.400479 -3.539276 7.097034 3.115864 3.593591 3.618952
6.946579 -0.985819 -6.413760 -10.897461 15.754284 -7.829626 -29.800214 -16.477469 -14.037412 55.061304 -7.479264 -41.741782 0.782107 -7.843292 6.804797 -25.452130 -16.851033 -34.982662 11.958291 -6.395220 41.102630 31.870283 20.303665 72.120047 -6.429946 -88.080469 26.115134 -5.933201 16.280915 -256.426905 -306.326053 -9989.713803 8.791082 35.683147 -29.410241 -43.740514 -119.743232 -9.652611 -5.972332 -61.689443 -21.000404 -82.882161 27.746362 43.055454 0.000000 0.000000 0.000000 0.000000 0.000000 0.000000 0.000000 0.000000 0.000000 0.000000 0.000000 0.000000 0.000000 0.000000 0.000000 0.000000 0.000000 0.000000 0.000000 0.000000 0.000000 0.000000 0.000000 0.000000 0.000000 0.000000 0.000000 0.000000 0.000000 0.000000 0.000000 0.000000 0.000000 0.000000 0.000000 0.000000 0.000000 0.000000 0.000000 0.000000 0.000000 0.000000 0.000000 0.000000 0.000000 0.000000 0.000000 0.000000 0.000000 0.000000 0.000000 0.000000 0.000000 0.000000 0.000000 0.000000 0.000000 0.000000 0.000000 0.000000 0.000000 0.000000 0.000000 0.000000 0.000000 0.000000 0.000000 0.000000 0.000000 0.000000 0.000000 0.000000 0.000000 0.000000 0.000000 0.000000 0.000000 0.000000 0.000000 0.000000 0.000000 0.000000 0.000000 0.000000 0.000000 0.000000 0.000000 0.000000 0.000000 0.000000 0.000000 0.000000 0.000000 0.000000 0.000000 0.000000 0.000000 0.000000 0.000000 1.000000 -0.455495 0.186227 -0.603324 -0.665664 0.119361 0.030994 0.422625 -1.169443 -0.453362 -1.268027 0.037912 0.139965 2.139785 1.229172 -0.286907 -0.611978 1.339253 0.881136 0.631763 -0.233730 0.333601 -1.834331 0.309037 2.184447 0.256179 0.096725 0.025563 -0.153596 0.311640 0.196738 0.395301 0.541587 -0.168505 1.297217 0.180512 0.436118 2.479523 0.818042 0.931930 -0.757254 -2.301085 -0.303622 0.771155 0.263098 0.216201 -1.914147 -0.397259 -1.456121 0.017335 -0.531634 -0.027892 0.231263 -1.385489 -1.670563 -0.692988 -1.315713
-5.074305 0.964197 9.860748 2.379187 4.138215 4.954920 0.140769 -14.502663 6.531851 -18.767001 -9.100401 -87.294637 14.351091 11.635427 -14.623646 4.314180 -23.060687 -157.337591 -53.354633 9.374929 -55.620768 -42.094512 -27.038417 -112.463163 5.867438 70.345686 3.184089 -41.827783 -10.023537 168.362791 169.126079 5487.937726 -18.735497 -5.158084 107.522773 4.057211 -36.284841 144.363583 53.732611 314.345708 234.703734 -34.598105 30.955663 191.177688 -177.838843 0.000000 0.000000 0.000000 0.000000 0.000000 0.000000 0.000000 0.000000 0.000000 0.000000 0.000000 0.000000 0.000000 0.000000 0.000000 0.000000 0.000000 0.000000 0.000000 0.000000 0.000000 0.000000 0.000000 0.000000 0.000000 0.000000 0.000000 0.000000 0.000000 0.000000 0.000000 0.000000 0.000000 0.000000 0.000000 0.000000 0.000000 0.000000 0.000000 0.000000 0.000000 0.000000 0.000000 0.000000 0.000000 0.000000 0.000000 0.000000 0.000000 0.000000 0.000000 0.000000 0.000000 0.000000 0.000000 0.000000 0.000000 0.000000 0.000000 0.000000 0.000000 0.000000 0.000000 0.000000 0.000000 0.000000 0.000000 0.000000 0.000000 0.000000 0.000000 0.000000 0.000000 0.000000 0.000000 0.000000 0.000000 0.000000 0.000000 0.000000 0.000000 0.000000 0.000000 0.000000 0.000000 0.000000 0.000000 0.000000 0.000000 0.000000 0.000000 0.000000 0.000000 0.000000 0.000000 0.000000 0.000000 0.000000 0.000000 1.000000 -0.020898 0.033869 0.787897 -0.237666 -0.635418 0.491543 -0.294575 0.200402 -0.933909 0.819463 -0.152799 0.710847 0.000426 -0.213844 -1.228594 0.064678 0.197200 -0.324684 -0.586510 0.321299 -0.707414 0.197676 0.895313 -0.704853 -0.215454 0.420603 -0.271996 0.463162 -0.115374 0.120871 0.057674 -1.271278 0.521812 0.564432 -0.228160 0.417823 0.486346 0.646852 -0.004194 -1.074049 -1.023346 0.439279 0.073653 0.770940 -1.179425 -0.127186 -0.875111 -0.336203 -0.005591 -0.027284 -0.705487 0.240313 -0.997883 -0.111198 -0.552631
2.367064 5.199981 6.386173 4.111312 0.912781 15.946244 -41.318406 -15.015407 -17.847003 43.168469 15.083069 111.075228 24.131430 -5.016939 10.044623 -3.419328 39.089098 238.999255 8.900984 -9.654457 43.258587 49.386992 31.022831 120.328964 -21.193514 -212.118958 73.181876 -43.835336 0.714700 5.427160 -28.568077 -943.715024 19.036292 30.560523 -36.906457 -28.183796 -34.684690 -46.135649 -0.175966 -3.433554 16.291169 -66.423203 24.576336 71.383166 9.613834 -7.103801 0.000000 0.000000 0.000000 0.000000 0.000000 0.000000 0.000000 0.000000 0.000000 0.000000 0.000000 0.000000 0.000000 0.000000 0.000000 0.000000 0.000000 0.000000 0.000000 0.000000 0.000000 0.000000 0.000000 0.000000 0.000000 0.000000 0.000000 0.000000 0.000000 0.000000 0.000000 0.000000 0.000000 0.000000 0.000000 0.000000 0.000000 0.000000 0.000000 0.000000 0.000000 0.000000 0.000000 0.000000 0.000000 0.000000 0.000000 0.000000 0.000000 0.000000 0.000000 0.000000 0.000000 0.000000 0.000000 0.000000 0.000000 0.000000 0.000000 0.000000 0.000000 0.000000 0.000000 0.000000 0.000000 0.000000 0.000000 0.000000 0.000000 0.000000 0.000000 0.000000 0.000000 0.000000 0.000000 0.000000 0.000000 0.000000 0.000000 0.000000 0.000000 0.000000 0.000000 0.000000 0.000000 0.000000 0.000000 0.000000 0.000000 0.000000 0.000000 0.000000 0.000000 0.000000 0.000000 0.000000 0.000000 0.000000 0.000000 1.000000 -0.412164 2.574371 -2.103188 -2.860274 5.393099 -8.748504 -0.195360 -9.319936 3.771041 3.080393 11.116603 9.060559 -3.498245 -5.476755 7.499879 7.497649 -4.397175 -4.763752 0.714257 -10.122432 2.087708 15.320024 -1.272641 2.359866 4.116290 -2.769979 3.699445 3.441889 3.485830 4.075445 -7.223947 7.544215 4.462516 -0.797253 12.097511 5.468145 10.088118 -4.670251 -11.770596 -6.921840 5.356973 2.244957 4.422849 -8.996868 -2.583389 -8.782003 2.756041 -1.418407 -0.366161 -1.511372 -3.933541 -11.094654 -1.013825 -10.051732
-7.617907 -8.735041 -12.612715 -22.486614 19.380723 -40.655938 32.185418 7.119006 3.992119 -15.589396 2.624847 35.037186 16.895937 -2.233872 24.853947 -10.057997 11.062595 117.323905 14.751763 -1.039679 56.237523 30.778144 4.956084 15.048004 39.870524 338.211735 -92.859112 58.819161 6.701371 -130.310886 -62.721415 -1978.277688 -6.170002 19.678674 -28.271039 -22.620218 -104.681231 24.910003 33.264306 212.030716 125.427845 -6.442239 -1.761917 -10.909577 -44.802358 9.749646 -7.906926 0.000000 0.000000 0.000000 0.000000 0.000000 0.000000 0.000000 0.000000 0.000000 0.000000 0.000000 0.000000 0.000000 0.000000 0.000000 0.000000 0.000000 0.000000 0.000000 0.000000 0.000000 0.000000 0.000000 0.000000 0.000000 0.000000 0.000000 0.000000 0.000000 0.000000 0.000000 0.000000 0.000000 0.000000 0.000000 0.000000 0.000000 0.000000 0.000000 0.000000 0.000000 0.000000 0.000000 0.000000 0.000000 0.000000 0.000000 0.000000 0.000000 0.000000 0.000000 0.000000 0.000000 0.000000 0.000000 0.000000 0.000000 0.000000 0.000000 0.000000 0.000000 0.000000 0.000000 0.000000 0.000000 0.000000 0.000000 0.000000 0.000000 0.000000 0.000000 0.000000 0.000000 0.000000 0.000000 0.000000 0.000000 0.000000 0.000000 0.000000 0.000000 0.000000 0.000000 0.000000 0.000000 0.000000 0.000000 0.000000 0.000000 0.000000 0.000000 0.000000 0.000000 0.000000 0.000000 0.000000 0.000000 0.000000 0.000000 1.000000 5.108588 -0.470157 -2.720713 3.277499 -4.615705 4.771516 -3.359040 1.639961 1.325534 8.459550 7.777857 -5.586155 -4.071133 8.102540 5.155712 -5.453709 -1.505763 -1.254541 -7.862861 0.938884 14.374149 -0.020241 6.817114 4.910948 -1.055822 -0.099969 1.449120 1.515099 2.486044 -0.175681 6.849165 3.565629 0.392796 6.238369 3.312354 10.729123 -4.953121 -3.035133 -11.276309 3.611958 0.137147 5.408155 -5.966112 -0.531869 -9.868893 2.507129 2.756276 -0.234690 -0.868813 -5.531114 -9.112884 -0.250997 -11.844370
-5.171858 0.257053 -5.674162 -2.280534 -10.310429 -5.771470 29.012687 30.159986 15.425874 -49.176345 12.325986 70.250016 -17.520998 -2.156809 -2.479281 18.964370 11.531321 2.825135 38.313839 8.837513 -14.592549 -8.995917 2.267200 23.736969 4.877238 70.864714 -24.669319 24.777730 -0.464938 16.257921 8.201790 273.731522 -1.215557 -1.432540 -19.273710 3.407874 39.011697 -31.529896 -1.942394 7.088437 -22.854742 26.072193 -15.329964 -63.695872 66.398767 -23.824456 7.785802 30.802106 0.000000 0.000000 0.000000 0.000000 0.000000 0.000000 0.000000 0.000000 0.000000 0.000000 0.000000 0.000000 0.000000 0.000000 0.000000 0.000000 0.000000 0.000000 0.000000 0.000000 0.000000 0.000000 0.000000 0.000000 0.000000 0.000000 0.000000 0.000000 0.000000 0.000000 0.000000 0.000000 0.000000 0.000000 0.000000 0.000000 0.000000 0.000000 0.000000 0.000000 0.000000 0.000000 0.000000 0.000000 0.000000 0.000000 0.000000 0.000000 0.000000 0.000000 0.000000 0.000000 0.000000 0.000000 0.000000 0.000000 0.000000 0.000000 0.000000 0.000000 0.000000 0.000000 0.000000 0.000000 0.000000 0.000000 0.000000 0.000000 0.000000 0.000000 0.000000 0.000000 0.000000 0.000000 0.000000 0.000000 0.000000 0.000000 0.000000 0.000000 0.000000 0.000000 0.000000 0.000000 0.000000 0.000000 0.000000 0.000000 0.000000 0.000000 0.000000 0.000000 0.000000 0.000000 0.000000 0.000000 0.000000 0.000000 0.000000 1.000000 -0.736869 -0.833376 3.114297 -5.223416 -1.468754 -5.984835 2.358135 2.171457 4.312471 4.735773 -1.160847 -3.042649 2.254728 4.729346 -2.520813 -2.543737 0.797194 -4.908891 1.742168 6.993457 -1.469790 0.222150 1.218549 -2.010712 2.684644 2.271110 2.663513 1.985651 -5.682898 3.289806 1.777619 -1.384465 6.842190 2.610773 4.675741 -2.344345 -7.155891 -1.597374 2.933441 1.484718 1.210246 -4.074543 -0.995648 -3.447598 1.573101 -1.596248 0.035198 -1.252862 -0.642833 -5.714366 -0.464412 -4.206129
1.330794 -7.061533 -1.062621 0.129554 -17.219346 -1.930580 30.102676 3.817194 17.354451 -39.744326 -5.912576 -32.741098 0.173511 3.134129 5.422327 0.258417 -21.922353 -110.775031 -18.093641 8.679856 -37.053913 -50.400527 -1.733933 -8.715398 -23.188852 -176.743095 72.162781 -107.209846 -9.021623 154.898817 168.113269 5452.253090 2.000167 21.714382 2.944260 3.842462 -65.422719 41.025291 16.667789 146.077350 90.237636 96.676961 -41.075668 -81.830978 32.433390 6.206767 -12.064107 53.671692 40.310017 0.000000 0.000000 0.000000 0.000000 0.000000 0.000000 0.000000 0.000000 0.000000 0.000000 0.000000 0.000000 0.000000 0.000000 0.000000 0.000000 0.000000 0.000000 0.000000 0.000000 0.000000 0.000000 0.000000 0.000000 0.000000 0.000000 0.000000 0.000000 0.000000 0.000000 0.000000 0.000000 0.000000 0.000000 0.000000 0.000000 0.000000 0.000000 0.000000 0.000000 0.000000 0.000000 0.000000 0.000000 0.000000 0.000000 0.000000 0.000000 0.000000 0.000000 0.000000 0.000000 0.000000 0.000000 0.000000 0.000000 0.000000 0.000000 0.000000 0.000000 0.000000 0.000000 0.000000 0.000000 0.000000 0.000000 0.000000 0.000000 0.000000 0.000000 0.000000 0.000000 0.000000 0.000000 0.000000 0.000000 0.000000 0.000000 0.000000 0.000000 0.000000 0.000000 0.000000 0.000000 0.000000 0.000000 0.000000 0.000000 0.000000 0.000000 0.000000 0.000000 0.000000 0.000000 0.000000 0.000000 0.000000 0.000000 0.000000 1.000000 1.280400 -4.534872 5.924186 3.330338 7.033593 -3.507664 -2.603288 -5.525716 -4.313543 -0.296090 2.887014 -1.426855 -5.706121 1.679597 3.829800 -0.971677 6.157503 -2.016797 -7.326010 1.962276 1.989125 -1.062874 2.091540 -3.829424 -2.628514 -3.395063 -3.119662 8.080587 -4.234719 -1.632334 1.585999 -8.723659 -3.426146 -4.290054 2.583597 9.989986 -0.171411 -3.497486 -2.305950 -1.480785 5.815834 2.581343 3.440974 -1.244957 2.721922 -0.284655 1.679993 -0.902920 6.049678 1.690915 3.938060
-3.006102 6.423815 4.406417 -3.165096 9.501646 -14.117735 48.376876 5.754814 8.766395 -26.573313 -1.440331 31.592863 11.076869 -3.589331 42.100191 -25.811757 -25.032230 -59.945234 3.150811 3.612770 34.602149 6.124550 9.018144 37.049696 14.321671 106.968315 -42.239073 65.837070 15.624292 -281.064848 -219.097418 -7068.072791 7.418771 36.073223 -78.973151 -36.998971 -143.026980 -52.909498 3.995216 32.383527 18.835726 -59.585504 9.244440 -78.282385 -35.047033 5.689012 -55.251444 279.904253 180.014111 -184.419541 0.000000 0.000000 0.000000 0.000000 0.000000 0.000000 0.000000 0.000000 0.000000 0.000000 0.000000 0.000000 0.000000 0.000000 0.000000 0.000000 0.000000 0.000000 0.000000 0.000000 0.000000 0.000000 0.000000 0.000000 0.000000 0.000000 0.000000 0.000000 0.000000 0.000000 0.000000 0.000000 0.000000 0.000000 0.000000 0.000000 0.000000 0.000000 0.000000 0.000000 0.000000 0.000000 0.000000 0.000000 0.000000 0.000000 0.000000 0.000000 0.000000 0.000000 0.000000 0.000000 0.000000 0.000000 0.000000 0.000000 0.000000 0.000000 0.000000 0.000000 0.000000 0.000000 0.000000 0.000000 0.000000 0.000000 0.000000 0.000000 0.000000 0.000000 0.000000 0.000000 0.000000 0.000000 0.000000 0.000000 0.000000 0.000000 0.000000 0.000000 0.000000 0.000000 0.000000 0.000000 0.000000 0.000000 0.000000 0.000000 0.000000 0.000000 0.000000 0.000000 0.000000 0.000000 0.000000 0.000000 0.000000 0.000000 0.000000 1.000000 -0.871590 -0.361432 -0.359430 -0.738460 -0.604101 0.234010 -2.193124 0.418248 -0.516040 -0.099766 -0.712255 -0.049126 -0.656892 0.529006 0.450869 1.499725 0.274468 -1.730795 -0.079781 0.386806 -0.688615 -0.734781 0.267512 0.549362 0.120114 -0.887548 -0.171312 -1.611905 -0.202658 -0.739089 -0.620517 -0.708733 -0.627969 0.589411 0.560764 0.958597 -0.311240 -0.056811 -1.547222 2.052640 1.416116 1.723019 0.677908 -0.454526 -0.189877 0.150234 -0.023420 0.600211 1.135093 1.475310
8.069702 2.907479 4.862362 3.548742 4.126251 18.405405 -42.728878 -26.715657 -1.610179 9.414435 -5.932402 -96.259650 27.333281 3.148529 -37.030740 -19.326167 -33.109213 -164.659987 -50.140751 9.824841 -2.732369 -18.263830 -47.104665 -224.164327 23.778557 166.155611 -49.747572 41.869903 13.766073 -234.595192 -247.760506 -8075.260996 6.787440 22.928546 -22.020534 -20.176903 -81.367836 15.825593 -13.852575 -112.863112 -47.209323 -42.536966 35.188186 96.688537 -74.538019 -31.332600 -0.513317 75.895959 29.746775 -86.969148 12.962124 0.000000 0.000000 0.000000 0.000000 0.000000 0.000000 0.000000 0.000000 0.000000 0.000000 0.000000 0.000000 0.000000 0.000000 0.000000 0.000000 0.000000 0.000000 0.000000 0.000000 0.000000 0.000000 0.000000 0.000000 0.000000 0.000000 0.000000 0.000000 0.000000 0.000000 0.000000 0.000000 0.000000 0.000000 0.000000 0.000000 0.000000 0.000000 0.000000 0.000000 0.000000 0.000000 0.000000 0.000000 0.000000 0.000000 0.000000 0.000000 0.000000 0.000000 0.000000 0.000000 0.000000 0.000000 0.000000 0.000000 0.000000 0.000000 0.000000 0.000000 0.000000 0.000000 0.000000 0.000000 0.000000 0.000000 0.000000 0.000000 0.000000 0.000000 0.000000 0.000000 0.000000 0.000000 0.000000 0.000000 0.000000 0.000000 0.000000 0.000000 0.000000 0.000000 0.000000 0.000000 0.000000 0.000000 0.000000 0.000000 0.000000 0.000000 0.000000 0.000000 0.000000 0.000000 0.000000 0.000000 0.000000 0.000000 0.000000 1.000000 -6.362752 -2.421126 -10.006600 -1.243445 2.928931 1.981174 8.541132 -6.109937 -3.641011 4.785996 3.191202 -2.430208 -3.252486 4.465830 -5.692453 3.116436 5.125571 1.445429 4.572304 0.031720 -5.521335 3.817362 3.690849 3.614616 0.992062 -3.048250 -0.660595 2.849939 -1.798305 8.435061 2.323781 5.228463 -3.033864 -7.713851 -1.701291 2.139869 0.333431 -4.366187 -1.596850 3.691457 -0.707877 6.135499 -2.023269 -3.613225 1.987520 -6.536781 -4.614437 2.603638 -1.702983
-3.838088 -8.314058 -9.661670 -21.415055 25.227030 -39.175438 14.324229 -7.026298 -6.531093 29.702440 -8.708931 -28.419601 9.966102 -2.483012 31.101725 3.158762 32.388299 232.109897 20.577401 -18.997943 41.455888 59.253917 44.397603 186.309429 -23.781693 -188.783241 75.879741 -117.325444 -19.725064 345.855997 310.318068 10069.029257 -5.286323 -7.761855 71.502146 8.853221 -8.871451 52.343745 19.213446 136.605467 110.860933 75.653752 6.358669 139.637690 -147.183748 -38.390534 -14.676246 157.878490 35.306259 -54.597013 -101.153190 -444.165306 0.000000 0.000000 0.000000 0.000000 0.000000 0.000000 0.000000 0.000000 0.000000 0.000000 0.000000 0.000000 0.000000 0.000000 0.000000 0.000000 0.000000 0.000000 0.000000 0.000000 0.000000 0.000000 0.000000 0.000000 0.000000 0.000000 0.000000 0.000000 0.000000 0.000000 0.000000 0.000000 0.000000 0.000000 0.000000 0.000000 0.000000 0.000000 0.000000 0.000000 0.000000 0.000000 0.000000 0.000000 0.000000 0.000000 0.000000 0.000000 0.000000 0.000000 0.000000 0.000000 0.000000 0.000000 0.000000 0.000000 0.000000 0.000000 0.000000 0.000000 0.000000 0.000000 0.000000 0.000000 0.000000 0.000000 0.000000 0.000000 0.000000 0.000000 0.000000 0.000000 0.000000 0.000000 0.000000 0.000000 0.000000 0.000000 0.000000 0.000000 0.000000 0.000000 0.000000 0.000000 0.000000 0.000000 0.000000 0.000000 0.000000 0.000000 0.000000 0.000000 0.000000 0.000000 0.000000 0.000000 0.000000 0.000000 0.000000 1.000000 0.182388 1.729616 0.571370 -0.468775 -0.317944 -1.678909 1.541868 0.642689 -1.127282 -0.282385 0.362425 0.583157 -0.906059 1.003765 -0.490629 -0.765814 -0.525533 -1.256334 -0.087147 1.047005 -0.606581 -0.672772 -0.511461 -0.122755 -0.053502 0.363006 -0.638846 0.206365 -1.320593 -0.364209 -0.983646 0.492477 1.066939 0.573021 -0.205189 0.044050 1.020844 0.121887 -0.883400 0.036274 -1.337559 0.252261 0.864483 -0.632062 1.662671 0.622729 -0.617567 0.208754
-4.990264 1.084488 -7.118404 -3.759115 3.998887 -21.522361 59.647576 31.384784 15.797586 -42.205527 -1.877832 10.303551 -31.748332 -13.158934 26.933824 -7.592963 -20.584384 -69.525855 47.202241 8.218641 44.116106 3.267787 -36.000306 -163.948262 49.948709 438.865141 -147.065099 98.443062 -16.648430 249.205714 298.856091 9773.563879 -32.088383 -99.222578 94.890452 69.886870 201.261961 42.867915 3.545042 6.866850 -36.095390 135.895002 -54.169520 -99.512395 44.984202 33.868111 46.106008 -334.854543 -187.388186 186.852509 75.661915 432.416530 117.474809 0.000000 0.000000 0.000000 0.000000 0.000000 0.000000 0.000000 0.000000 0.000000 0.000000 0.000000 0.000000 0.000000 0.000000 0.000000 0.000000 0.000000 0.000000 0.000000 0.000000 0.000000 0.000000 0.000000 0.000000 0.000000 0.000000 0.000000 0.000000 0.000000 0.000000 0.000000 0.000000 0.000000 0.000000 0.000000 0.000000 0.000000 0.000000 0.000000 0.000000 0.000000 0.000000 0.000000 0.000000 0.000000 0.000000 0.000000 0.000000 0.000000 0.000000 0.000000 0.000000 0.000000 0.000000 0.000000 0.000000 0.000000 0.000000 0.000000 0.000000 0.000000 0.000000 0.000000 0.000000 0.000000 0.000000 0.000000 0.000000 0.000000 0.000000 0.000000 0.000000 0.000000 0.000000 0.000000 0.000000 0.000000 0.000000 0.000000 0.000000 0.000000 0.000000 0.000000 0.000000 0.000000 0.000000 0.000000 0.000000 0.000000 0.000000 0.000000 0.000000 0.000000 0.000000 0.000000 0.000000 0.000000 0.000000 0.000000 1.000000 -0.254597 -0.745876 -0.054549 0.297970 1.264376 -1.401282 -0.431307 0.950046 -0.433938 -0.363518 -0.173021 0.588444 -0.274061 -0.192060 0.476423 0.516175 1.163745 0.345459 -0.433813 0.185619 0.322087 -0.215731 -0.256923 0.800997 -0.106604 0.596614 0.091101 -0.145301 -0.206811 0.607983 0.129554 0.130472 -0.801742 -0.374933 -0.673182 -0.671690 0.335099 0.681597 -0.019760 0.875837 0.236822 -0.323935 0.944942 -1.249889 0.266922 0.719957 0.106247
-8.202136 -10.708047 -6.018198 -17.891264 5.711789 -25.661456 22.341183 1.041714 5.999102 -24.332306 -14.158992 -113.093299 22.442847 0.168601 -4.095467 -15.439162 -11.609873 -3.160979 -18.074927 -9.814152 16.931167 17.987400 -5.179004 -31.212683 19.343635 193.134777 -24.704993 -64.404350 -13.375570 228.973360 257.950024 8432.821104 18.996606 93.014172 -66.985773 -89.256358 -392.956194 13.462098 42.909946 310.302953 237.132125 -3.881085 38.189278 160.736589 -196.552729 -41.231878 -58.655806 369.451901 154.443281 -175.271552 -141.092009 -639.839266 -34.625817 0.269341 0.000000 0.000000 0.000000 0.000000 0.000000 0.000000 0.000000 0.000000 0.000000 0.000000 0.000000 0.000000 0.000000 0.000000 0.000000 0.000000 0.000000 0.000000 0.000000 0.000000 0.000000 0.000000 0.000000 0.000000 0.000000 0.000000 0.000000 0.000000 0.000000 0.000000 0.000000 0.000000 0.000000 0.000000 0.000000 0.000000 0.000000 0.000000 0.000000 0.000000 0.000000 0.000000 0.000000 0.000000 0.000000 0.000000 0.000000 0.000000 0.000000 0.000000 0.000000 0.000000 0.000000 0.000000 0.000000 0.000000 0.000000 0.000000 0.000000 0.000000 0.000000 0.000000 0.000000 0.000000 0.000000 0.000000 0.000000 0.000000 0.000000 0.000000 0.000000 0.000000 0.000000 0.000000 0.000000 0.000000 0.000000 0.000000 0.000000 0.000000 0.000000 0.000000 0.000000 0.000000 0.000000 0.000000 0.000000 0.000000 0.000000 0.000000 0.000000 0.000000 0.000000 0.000000 0.000000 0.000000 0.000000 0.000000 0.000000 1.000000 -182.372497 -83.550233 10.297368 105.476757 -160.867516 -73.123114 118.866515 17.928222 36.813593 101.377770 3.163530 -79.303950 129.982215 137.381401 44.782903 267.365045 -98.093371 -118.738506 -55.861605 -69.719922 20.050211 31.280577 204.654476 13.406200 -49.023934 105.223997 147.355205 -5.920005 67.864540 -126.549283 151.789404 -171.669206 -44.435323 -133.858950 -78.012455 34.564887 269.167421 -48.067039 177.374037 44.097092 -132.147358 -33.743681 -357.258681 -105.143432 9.801808 -141.415406
-0.990239 8.223476 0.805290 -8.206670 32.760629 -10.484570 -19.868130 -14.479117 -20.653844 57.546323 2.562236 51.393578 14.798039 10.362127 19.423437 6.523484 5.788915 -25.725275 -28.555006 -1.441608 -60.302737 -32.778271 19.347057 90.742702 -24.792062 -213.072997 49.983153 -2.127337 22.892611 -365.248713 -395.345955 -12851.571195 -3.097902 23.745038 -30.193996 -12.166860 22.590920 -70.834018 -32.008476 -260.894219 -172.884810 -84.197743 -21.151955 -167.609295 178.262808 63.117881 17.248189 -229.029635 -51.358147 134.482465 206.860133 1126.915698 123.675279 -71.144806 -13057.018426 0.000000 0.000000 0.000000 0.000000 0.000000 0.000000 0.000000 0.000000 0.000000 0.000000 0.000000 0.000000 0.000000 0.000000 0.000000 0.000000 0.000000 0.000000 0.000000 0.000000 0.000000 0.000000 0.000000 0.000000 0.000000 0.000000 0.000000 0.000000 0.000000 0.000000 0.000000 0.000000 0.000000 0.000000 0.000000 0.000000 0.000000 0.000000 0.000000 0.000000 0.000000 0.000000 0.000000 0.000000 0.000000 0.000000 0.000000 0.000000 0.000000 0.000000 0.000000 0.000000 0.000000 0.000000 0.000000 0.000000 0.000000 0.000000 0.000000 0.000000 0.000000 0.000000 0.000000 0.000000 0.000000 0.000000 0.000000 0.000000 0.000000 0.000000 0.000000 0.000000 0.000000 0.000000 0.000000 0.000000 0.000000 0.000000 0.000000 0.000000 0.000000 0.000000 0.000000 0.000000 0.000000 0.000000 0.000000 0.000000 0.000000 0.000000 0.000000 0.000000 0.000000 0.000000 0.000000 0.000000 0.000000 0.000000 0.000000 1.000000 0.453062 -0.061810 -0.579992 0.889933 0.395916 -0.660250 -0.095822 -0.203171 -0.547284 -0.022996 0.440138 -0.707308 -0.750425 -0.253149 -1.466109 0.528332 0.649679 0.302672 0.376493 -0.111030 -0.175103 -1.126643 -0.070808 0.261143 -0.577677 -0.808632 0.025864 -0.376745 0.694705 -0.824162 0.941919 0.243145 0.726407 0.430461 -0.183706 -1.467542 0.263579 -0.975770 -0.241438 0.726440 0.177327 1.958728 0.571680 -0.054892 0.771968
6.777555 7.199032 13.130663 13.562732 -8.047739 16.761467 6.992029 -4.670691 0.288667 -8.603821 0.177797 17.634454 1.660929 -12.924528 21.953431 -15.898641 5.228874 131.093936 19.860565 -7.138796 70.818577 53.759881 21.975023 76.010418 -10.584920 -118.437763 28.782060 -17.813809 -3.979326 72.952142 33.798807 1067.500183 3.114241 -23.360431 32.587690 28.547524 128.033657 -26.090423 -21.907010 -142.940173 -94.191745 35.173047 3.272480 30.391036 -58.022985 -11.756048 10.302575 -18.237480 -37.780053 11.744266 -50.430810 -230.170536 -2.733797 -36.392685 -6608.071778 -66.498889 0.000000 0.000000 0.000000 0.000000 0.000000 0.000000 0.000000 0.000000 0.000000 0.000000 0.000000 0.000000 0.000000 0.000000 0.000000 0.000000 0.000000 0.000000 0.000000 0.000000 0.000000 0.000000 0.000000 0.000000 0.000000 0.000000 0.000000 0.000000 0.000000 0.000000 0.000000 0.000000 0.000000 0.000000 0.000000 0.000000 0.000000 0.000000 0.000000 0.000000 0.000000 0.000000 0.000000 0.000000 0.000000 0.000000 0.000000 0.000000 0.000000 0.000000 0.000000 0.000000 0.000000 0.000000 0.000000 0.000000 0.000000 0.000000 0.000000 0.000000 0.000000 0.000000 0.000000 0.000000 0.000000 0.000000 0.000000 0.000000 0.000000 0.000000 0.000000 0.000000 0.000000 0.000000 0.000000 0.000000 0.000000 0.000000 0.000000 0.000000 0.000000 0.000000 0.000000 0.000000 0.000000 0.000000 0.000000 0.000000 0.000000 0.000000 0.000000 0.000000 0.000000 0.000000 0.000000 0.000000 0.000000 0.000000 0.000000 1.000000 0.329374 -0.026542 -0.804166 0.852237 0.718296 -0.320324 0.132008 -0.939040 0.127228 -0.390741 -0.958458 -0.797102 1.104645 0.229979 1.491145 0.246464 0.214120 1.011842 0.059724 0.523449 1.115189 -0.393900 0.950065 0.074624 -0.365159 0.831663 0.695060 0.097005 -0.616403 0.134403 0.135215 1.088532 -0.019059 -0.308698 -1.204458 0.182331 0.629633 0.037542 0.001557 0.918839 0.632569 0.782873 0.137068 0.735683
6.811655 3.948115 5.493996 7.541076 3.405158 9.054745 -5.980343 -15.376149 -1.001289 16.528094 -0.491137 19.773072 8.158648 0.042404 15.460423 -12.184769 -12.652567 -46.618867 -3.134143 -0.530229 -22.859384 -30.541754 16.529516 74.811999 -27.563470 -249.940476 54.303501 -1.741357 -3.320210 51.678696 71.291769 2316.886093 9.105832 8.144998 -42.570166 4.394704 14.208224 -47.117973 -18.260894 -87.843538 -64.137648 60.433051 -38.128069 -118.652679 117.757042 29.730206 11.439411 -117.831034 -53.696551 104.266349 -24.532373 -93.861085 -49.224726 4.747600 865.971210 -7.153867 11.060932 0.000000 0.000000 0.000000 0.000000 0.000000 0.000000 0.000000 0.000000 0.000000 0.000000 0.000000 0.000000 0.000000 0.000000 0.000000 0.000000 0.000000 0.000000 0.000000 0.000000 0.000000 0.000000 0.000000 0.000000 0.000000 0.000000 0.000000 0.000000 0.000000 0.000000 0.000000 0.000000 0.000000 0.000000 0.000000 0.000000 0.000000 0.000000 0.000000 0.000000 0.000000 0.000000 0.000000 0.000000 0.000000 0.000000 0.000000 0.000000 0.000000 0.000000 0.000000 0.000000 0.000000 0.000000 0.000000 0.000000 0.000000 0.000000 0.000000 0.000000 0.000000 0.000000 0.000000 0.000000 0.000000 0.000000 0.000000 0.000000 0.000000 0.000000 0.000000 0.000000 0.000000 0.000000 0.000000 0.000000 0.000000 0.000000 0.000000 0.000000 0.000000 0.000000 0.000000 0.000000 0.000000 0.000000 0.000000 0.000000 0.000000 0.000000 0.000000 0.000000 0.000000 0.000000 0.000000 0.000000 0.000000 0.000000 0.000000 1.000000 1.132781 -2.778628 0.376808 0.133971 0.176092 -0.777626 -1.040120 3.612594 -0.325923 0.332686 0.667937 -0.837850 -0.678228 0.783687 -0.349374 2.584461 1.427713 -0.141501 -2.723291 -1.781397 -0.688347 0.413215 -0.645747 -0.513203 -1.105413 0.891920 -1.742305 -3.635680 1.980957 -0.142973 -3.234882 -1.433674 -0.454067 -1.433191 -0.117583 -0.951015 2.129000 -0.794186 3.351051 1.218127 3.689556 3.460169 4.104986
5.693116 7.447442 -5.068715 -0.469469 14.463192 -5.726620 2.113308 10.336410 -12.781950 41.700356 -5.074917 10.914134 -24.750916 -9.319664 24.706581 -3.361975 4.002906 59.141416 37.682754 -1.187167 52.308747 33.846173 25.557048 112.195265 1.997299 4.137047 -20.098242 42.875422 9.155903 -178.486398 -135.352064 -4389.805226 -14.183668 -44.302411 44.950591 45.760823 159.856387 21.793709 -15.130469 -105.167990 -96.872407 68.230514 -31.460777 -87.094409 47.343805 7.364417 7.123985 -20.922246 -18.988387 43.573329 -48.926292 -198.307975 -43.291193 -28.972585 -5275.163583 -33.637719 -46.654271 71.356367 0.000000 0.000000 0.000000 0.000000 0.000000 0.000000 0.000000 0.000000 0.000000 0.000000 0.000000 0.000000 0.000000 0.000000 0.000000 0.000000 0.000000 0.000000 0.000000 0.000000 0.000000 0.000000 0.000000 0.000000 0.000000 0.000000 0.000000 0.000000 0.000000 0.000000 0.000000 0.000000 0.000000 0.000000 0.000000 0.000000 0.000000 0.000000 0.000000 0.000000 0.000000 0.000000 0.000000 0.000000 0.000000 0.000000 0.000000 0.000000 0.000000 0.000000 0.000000 0.000000 0.000000 0.000000 0.000000 0.000000 0.000000 0.000000 0.000000 0.000000 0.000000 0.000000 0.000000 0.000000 0.000000 0.000000 0.000000 0.000000 0.000000 0.000000 0.000000 0.000000 0.000000 0.000000 0.000000 0.000000 0.000000 0.000000 0.000000 0.000000 0.000000 0.000000 0.000000 0.000000 0.000000 0.000000 0.000000 0.000000 0.000000 0.000000 0.000000 0.000000 0.000000 0.000000 0.000000 0.000000 0.000000 0.000000 0.000000 1.000000 -1.706088 0.292523 -0.337091 0.237314 -0.922713 -0.807110 2.661913 0.148060 0.441778 0.080368 -0.615856 -0.773946 0.202330 -0.911317 1.943900 1.147851 -0.120764 -2.213764 -1.596320 -0.513483 0.030285 -0.720201 -0.606852 -1.335008 0.567818 -1.055095 -2.528192 1.759180 -0.261802 -2.674101 -1.312824 0.222849 -0.288503 0.327669 -0.266415 1.624962 -0.413032 2.829651 1.076229 2.892867 2.668455 3.499770
6.092134 14.478264 0.353425 14.253084 -13.239380 7.762514 54.750337 20.436369 14.929909 -40.439565 -0.662110 47.022754 -42.863898 -30.796884 30.937479 -56.063137 -43.069537 -52.683467 87.329066 1.549160 140.779666 65.380349 27.764377 107.859930 28.521232 199.759048 -82.181376 119.228033 13.272254 -224.331493 -265.538851 -8661.806982 7.868412 -7.892232 -2.115058 -15.539305 21.833749 -25.214236 -32.791319 -246.094856 -126.050896 -90.989432 63.372497 193.366187 -102.771041 -28.659880 22.547803 -27.781777 -27.193928 -36.654643 15.514035 25.291939 -36.015138 -42.127821 -7704.852630 -0.970169 -77.684279 59.844657 -62.433879 0.000000 0.000000 0.000000 0.000000 0.000000 0.000000 0.000000 0.000000 0.000000 0.000000 0.000000 0.000000 0.000000 0.000000 0.000000 0.000000 0.000000 0.000000 0.000000 0.000000 0.000000 0.000000 0.000000 0.000000 0.000000 0.000000 0.000000 0.000000 0.000000 0.000000 0.000000 0.000000 0.000000 0.000000 0.000000 0.000000 0.000000 0.000000 0.000000 0.000000 0.000000 0.000000 0.000000 0.000000 0.000000 0.000000 0.000000 0.000000 0.000000 0.000000 0.000000 0.000000 0.000000 0.000000 0.000000 0.000000 0.000000 0.000000 0.000000 0.000000 0.000000 0.000000 0.000000 0.000000 0.000000 0.000000 0.000000 0.000000 0.000000 0.000000 0.000000 0.000000 0.000000 0.000000 0.000000 0.000000 0.000000 0.000000 0.000000 0.000000 0.000000 0.000000 0.000000 0.000000 0.000000 0.000000 0.000000 0.000000 0.000000 0.000000 0.000000 0.000000 0.000000 0.000000 0.000000 0.000000 0.000000 0.000000 0.000000 1.000000 0.877198 1.427278 0.189861 0.567844 -0.364824 -1.838457 -1.020280 -0.406952 0.429943 1.579976 1.103942 0.142430 -0.415116 -1.733856 -0.198021 0.376045 1.920847 2.236304 1.118461 0.060624 1.007820 1.192990 1.409929 0.670602 -0.252215 1.468515 -1.530737 0.254848 2.258197 0.662006 -0.485494 0.441107 -0.509075 1.851685 -0.767523 -0.113264 -0.979482 -1.299512 -2.024477 -2.358800 -2.947750
3.041829 2.218363 0.310131 -4.730588 8.527447 -12.771086 21.580861 -0.033438 -6.029228 21.531707 -3.819649 28.275732 -6.906898 -0.849416 33.800767 -4.758391 -0.819936 15.495427 9.582976 -8.143455 13.918219 22.776271 29.776994 140.011472 -8.556630 -70.426775 24.242612 -8.044048 14.119825 -223.778392 -253.543697 -8257.877353 5.578472 13.214511 -18.114959 11.033221 106.838019 -30.343157 -33.359202 -225.297400 -133.141765 3.086871 10.928560 40.131702 -1.424864 1.936257 1.965205 5.587262 4.541240 35.965272 -5.914787 36.591471 -51.398436 -50.512891 -9268.932220 -13.251671 -42.573524 69.442522 -12.179175 -25.961896 0.000000 0.000000 0.000000 0.000000 0.000000 0.000000 0.000000 0.000000 0.000000 0.000000 0.000000 0.000000 0.000000 0.000000 0.000000 0.000000 0.000000 0.000000 0.000000 0.000000 0.000000 0.000000 0.000000 0.000000 0.000000 0.000000 0.000000 0.000000 0.000000 0.000000 0.000000 0.000000 0.000000 0.000000 0.000000 0.000000 0.000000 0.000000 0.000000 0.000000 0.000000 0.000000 0.000000 0.000000 0.000000 0.000000 0.000000 0.000000 0.000000 0.000000 0.000000 0.000000 0.000000 0.000000 0.000000 0.000000 0.000000 0.000000 0.000000 0.000000 0.000000 0.000000 0.000000 0.000000 0.000000 0.000000 0.000000 0.000000 0.000000 0.000000 0.000000 0.000000 0.000000 0.000000 0.000000 0.000000 0.000000 0.000000 0.000000 0.000000 0.000000 0.000000 0.000000 0.000000 0.000000 0.000000 0.000000 0.000000 0.000000 0.000000 0.000000 0.000000 0.000000 0.000000 0.000000 0.000000 0.000000 0.000000 0.000000 1.000000 0.485184 0.666369 -0.357459 -0.157839 1.087066 0.255943 1.369660 0.624815 -1.545731 -1.613754 0.276912 -0.884231 0.406428 1.444144 0.543370 -0.941214 -1.335296 0.288131 -0.437064 0.684143 0.735361 -0.283817 -0.059238 -1.316945 -1.454177 1.006560 0.543655 -1.352050 0.674740 -0.075957 -0.953848 -0.853582 -0.996050 1.023812 1.091424 0.736616 0.521291 1.592971 0.770243 0.615144
4.891115 14.259364 13.030932 22.818616 -22.643102 25.929624 40.294389 14.994011 9.676354 -51.326996 2.786818 56.136806 -15.598862 1.980218 -2.831522 -15.105449 -33.211843 -159.566163 -3.423678 8.623908 -10.061291 -19.177823 28.822621 128.252508 -50.893032 -460.277751 114.811274 -14.625057 37.558780 -632.150746 -634.574942 -20653.050306 3.172752 -2.296746 -37.307759 24.693624 159.516141 -69.838477 -51.660341 -364.709591 -226.032466 -103.815812 2.230094 -94.062703 169.684050 25.456463 14.273111 -99.581924 17.314950 23.520626 210.407287 1066.482805 74.231617 -68.977449 -12643.679332 -3.558062 -49.493509 65.242458 -45.711390 56.240945 47.731689 0.000000 0.000000 0.000000 0.000000 0.000000 0.000000 0.000000 0.000000 0.000000 0.000000 0.000000 0.000000 0.000000 0.000000 0.000000 0.000000 0.000000 0.000000 0.000000 0.000000 0.000000 0.000000 0.000000 0.000000 0.000000 0.000000 0.000000 0.000000 0.000000 0.000000 0.000000 0.000000 0.000000 0.000000 0.000000 0.000000 0.000000 0.000000 0.000000 0.000000 0.000000 0.000000 0.000000 0.000000 0.000000 0.000000 0.000000 0.000000 0.000000 0.000000 0.000000 0.000000 0.000000 0.000000 0.000000 0.000000 0.000000 0.000000 0.000000 0.000000 0.000000 0.000000 0.000000 0.000000 0.000000 0.000000 0.000000 0.000000 0.000000 0.000000 0.000000 0.000000 0.000000 0.000000 0.000000 0.000000 0.000000 0.000000 0.000000 0.000000 0.000000 0.000000 0.000000 0.000000 0.000000 0.000000 0.000000 0.000000 0.000000 0.000000 0.000000 0.000000 0.000000 0.000000 0.000000 0.000000 0.000000 0.000000 0.000000 1.000000 -0.974162 1.291047 -0.476918 -3.225969 -0.961937 -2.288705 -1.284536 3.528253 3.388809 0.646597 1.585714 -2.242601 -1.271997 -0.826384 3.221632 4.385454 0.164071 0.636017 0.063309 -0.330811 1.849398 0.291779 1.965762 3.463067 -2.695112 -0.447153 3.928126 -0.521640 0.316899 0.910368 0.984702 2.488818 -2.110026 -1.897548 -1.519781 -2.005240 -3.272165 -3.081890 -2.790633
2.085887 -3.833296 -2.032782 4.967859 -21.151887 5.435347 19.171993 4.751342 10.483423 -36.023381 -6.191726 -54.588806 -13.860134 2.038124 -21.479987 9.959104 2.669962 11.903495 7.724519 -7.002125 16.499230 47.898963 15.426237 76.718793 -7.037234 -45.385741 7.226719 8.472153 -1.448741 27.863081 23.691019 758.750509 9.463231 21.255948 -4.079293 -12.788701 -23.980536 24.245449 11.183265 56.487034 64.103830 -62.208954 35.023278 143.099356 -66.303864 -16.517985 27.286794 -103.133229 -68.447457 21.183659 6.397432 -22.778746 -34.778621 -39.794785 -7263.520163 -9.716914 -57.365834 49.317623 -22.823504 -8.892944 -30.201377 -9.866295 0.000000 0.000000 0.000000 0.000000 0.000000 0.000000 0.000000 0.000000 0.000000 0.000000 0.000000 0.000000 0.000000 0.000000 0.000000 0.000000 0.000000 0.000000 0.000000 0.000000 0.000000 0.000000 0.000000 0.000000 0.000000 0.000000 0.000000 0.000000 0.000000 0.000000 0.000000 0.000000 0.000000 0.000000 0.000000 0.000000 0.000000 0.000000 0.000000 0.000000 0.000000 0.000000 0.000000 0.000000 0.000000 0.000000 0.000000 0.000000 0.000000 0.000000 0.000000 0.000000 0.000000 0.000000 0.000000 0.000000 0.000000 0.000000 0.000000 0.000000 0.000000 0.000000 0.000000 0.000000 0.000000 0.000000 0.000000 0.000000 0.000000 0.000000 0.000000 0.000000 0.000000 0.000000 0.000000 0.000000 0.000000 0.000000 0.000000 0.000000 0.000000 0.000000 0.000000 0.000000 0.000000 0.000000 0.000000 0.000000 0.000000 0.000000 0.000000 0.000000 0.000000 0.000000 0.000000 0.000000 0.000000 0.000000 0.000000 1.000000 -0.731430 0.592057 6.325288 1.565354 4.680899 2.204233 -4.324792 -8.640144 0.352639 -4.129581 4.814554 2.546169 2.339171 -4.467505 -5.124025 -0.302141 -0.540757 3.214831 3.824840 -3.285716 -0.546374 -3.569138 -5.903616 3.686350 0.751544 -6.040673 1.270070 -1.806045 -2.474034 -1.128834 -2.472096 4.398655 3.942731 2.806985 1.029147 7.983734 4.608315 3.980015
0.742193 9.174802 7.385653 8.242263 2.779305 18.721458 -30.448202 -11.428979 -3.823476 17.171472 -2.133447 -40.714344 0.271586 -6.841292 5.617873 8.249418 17.908052 108.318598 1.633992 -16.227667 -6.208584 3.714151 -4.208767 -10.047874 23.913094 234.379768 -36.367353 -21.266482 -13.902094 221.882203 295.754057 9668.400246 -10.111057 39.542865 12.609778 -48.418728 -227.437555 105.928951 96.518806 653.113758 428.920511 -26.024787 18.315232 134.931414 -135.322676 -28.829944 -30.641358 216.412609 55.834622 -55.436779 -245.934238 -1212.017858 -168.107298 64.279082 11777.760216 10.339699 11.116825 44.306231 72.269049 -81.340587 18.364784 42.050469 -38.685163 0.000000 0.000000 0.000000 0.000000 0.000000 0.000000 0.000000 0.000000 0.000000 0.000000 0.000000 0.000000 0.000000 0.000000 0.000000 0.000000 0.000000 0.000000 0.000000 0.000000 0.000000 0.000000 0.000000 0.000000 0.000000 0.000000 0.000000 0.000000 0.000000 0.000000 0.000000 0.000000 0.000000 0.000000 0.000000 0.000000 0.000000 0.000000 0.000000 0.000000 0.000000 0.000000 0.000000 0.000000 0.000000 0.000000 0.000000 0.000000 0.000000 0.000000 0.000000 0.000000 0.000000 0.000000 0.000000 0.000000 0.000000 0.000000 0.000000 0.000000 0.000000 0.000000 0.000000 0.000000 0.000000 0.000000 0.000000 0.000000 0.000000 0.000000 0.000000 0.000000 0.000000 0.000000 0.000000 0.000000 0.000000 0.000000 0.000000 0.000000 0.000000 0.000000 0.000000 0.000000 0.000000 0.000000 0.000000 0.000000 0.000000 0.000000 0.000000 0.000000 0.000000 0.000000 0.000000 0.000000 0.000000 0.000000 0.000000 1.000000 -1.200388 2.487600 -0.387981 1.223614 0.606320 0.914224 -4.911326 0.898279 -3.201419 2.621257 0.364083 1.215924 -0.667180 1.432154 -0.257263 0.504724 2.519054 3.148425 -1.502828 0.560954 -1.061309 -2.124495 0.991404 -0.487434 -0.572534 -0.425219 -2.485140 -0.520775 0.748842 2.276011 1.904604 0.122018 2.336086 -0.819019 3.762217 0.310706 1.045207
7.171729 2.747122 9.468519 12.413815 -9.706037 23.613571 -19.634111 -7.705379 -9.280768 21.861298 -6.630562 -49.622954 11.376113 11.340883 -26.931722 5.891169 -0.777586 -56.279952 -33.110076 -13.993665 -47.497554 -4.323023 -6.003100 -13.644050 1.656837 60.909307 -5.898086 -60.676297 -25.334632 444.520504 416.843265 13569.954782 17.667321 47.424173 -41.214572 -43.992946 -214.649581 -48.926560 -11.465558 -65.818285 -9.943214 38.982451 -21.944293 -34.615086 28.894885 18.058844 8.716465 -98.368880 -33.289385 47.847269 100.944779 572.587446 95.454426 -78.936590 -14452.353003 -51.413512 -46.245943 58.004890 -53.420888 32.591490 56.621717 32.133605 -29.944963 -25.048993 0.000000 0.000000 0.000000 0.000000 0.000000 0.000000 0.000000 0.000000 0.000000 0.000000 0.000000 0.000000 0.000000 0.000000 0.000000 0.000000 0.000000 0.000000 0.000000 0.000000 0.000000 0.000000 0.000000 0.000000 0.000000 0.000000 0.000000 0.000000 0.000000 0.000000 0.000000 0.000000 0.000000 0.000000 0.000000 0.000000 0.000000 0.000000 0.000000 0.000000 0.000000 0.000000 0.000000 0.000000 0.000000 0.000000 0.000000 0.000000 0.000000 0.000000 0.000000 0.000000 0.000000 0.000000 0.000000 0.000000 0.000000 0.000000 0.000000 0.000000 0.000000 0.000000 0.000000 0.000000 0.000000 0.000000 0.000000 0.000000 0.000000 0.000000 0.000000 0.000000 0.000000 0.000000 0.000000 0.000000 0.000000 0.000000 0.000000 0.000000 0.000000 0.000000 0.000000 0.000000 0.000000 0.000000 0.000000 0.000000 0.000000 0.000000 0.000000 0.000000 0.000000 0.000000 0.000000 0.000000 0.000000 0.000000 0.000000 1.000000 4.022072 1.796562 2.277854 -1.211462 -2.686615 -4.236154 -0.891624 0.768668 2.730829 1.456863 0.627532 -2.411566 -6.230386 -0.296087 -1.043303 0.635667 0.181825 -2.443218 -2.579351 -0.409704 -2.873916 2.004447 0.140456 -5.323837 -0.665719 2.060533 -0.929477 -1.136002 -5.303995 1.437040 2.787644 1.776194 0.837962 4.532515 2.778526 3.984970
5.243346 0.277572 5.594197 11.336298 -8.870528 18.036536 -10.104206 -8.521213 9.114589 -24.001594 -6.889756 -93.391180 -0.485563 13.427330 -47.954753 29.888969 3.250651 -77.870310 -28.540056 -6.921208 -84.704515 -34.359770 -12.030951 -26.974160 -21.120876 -145.734075 38.050951 -21.432896 4.265623 -71.261738 -51.229330 -1652.580571 2.453790 35.681934 -26.820467 -25.544052 -109.421723 12.214152 10.678212 62.272340 41.726575 -36.895807 -11.787348 -64.541585 90.653220 31.041923 17.519043 -145.354310 -43.906298 77.114396 57.888864 257.769840 -21.789161 -14.200227 -2581.407256 4.724085 -36.846762 73.593453 49.891013 -61.757259 -31.467179 -12.315198 14.250758 62.897740 -212.052247 0.000000 0.000000 0.000000 0.000000 0.000000 0.000000 0.000000 0.000000 0.000000 0.000000 0.000000 0.000000 0.000000 0.000000 0.000000 0.000000 0.000000 0.000000 0.000000 0.000000 0.000000 0.000000 0.000000 0.000000 0.000000 0.000000 0.000000 0.000000 0.000000 0.000000 0.000000 0.000000 0.000000 0.000000 0.000000 0.000000 0.000000 0.000000 0.000000 0.000000 0.000000 0.000000 0.000000 0.000000 0.000000 0.000000 0.000000 0.000000 0.000000 0.000000 0.000000 0.000000 0.000000 0.000000 0.000000 0.000000 0.000000 0.000000 0.000000 0.000000 0.000000 0.000000 0.000000 0.000000 0.000000 0.000000 0.000000 0.000000 0.000000 0.000000 0.000000 0.000000 0.000000 0.000000 0.000000 0.000000 0.000000 0.000000 0.000000 0.000000 0.000000 0.000000 0.000000 0.000000 0.000000 0.000000 0.000000 0.000000 0.000000 0.000000 0.000000 0.000000 0.000000 0.000000 0.000000 0.000000 0.000000 0.000000 0.000000 1.000000 0.305969 0.381478 -0.480511 -0.148279 -1.023225 -0.246153 -0.008681 0.714482 0.122277 0.178020 -0.451341 -1.269844 -0.005161 -0.204131 0.094078 0.066226 -0.611195 -0.414553 0.030975 -0.644170 0.382960 -0.148325 -1.020073 -0.451496 0.467006 0.023005 -0.189420 -0.810916 0.364245 0.561576 0.693848 0.104050 1.005670 0.468793 0.948487
6.078450 12.660203 11.036635 21.389285 -15.972160 39.222222 -27.550726 -9.033090 11.413069 -22.655074 0.841603 -58.234702 9.881269 -16.401253 -31.318131 -24.656409 6.737168 125.266040 39.815358 -0.259499 92.167774 62.210048 20.069627 73.932273 24.590889 207.881815 -29.452264 -17.109679 -26.317459 456.289325 421.815914 13674.409098 11.766895 28.818418 31.777838 -3.264451 -38.944102 102.399489 27.298573 174.468918 121.043563 13.695561 2.941264 65.792859 -16.033838 -13.377126 22.928648 -62.733803 -78.433074 70.324708 -166.110858 -872.971413 -149.389283 26.755019 4938.137024 12.270034 -15.169744 34.842179 75.260588 -75.119015 -80.680927 -35.105479 -2.150885 73.108736 -106.028094 2.848425 0.000000 0.000000 0.000000 0.000000 0.000000 0.000000 0.000000 0.000000 0.000000 0.000000 0.000000 0.000000 0.000000 0.000000 0.000000 0.000000 0.000000 0.000000 0.000000 0.000000 0.000000 0.000000 0.000000 0.000000 0.000000 0.000000 0.000000 0.000000 0.000000 0.000000 0.000000 0.000000 0.000000 0.000000 0.000000 0.000000 0.000000 0.000000 0.000000 0.000000 0.000000 0.000000 0.000000 0.000000 0.000000 0.000000 0.000000 0.000000 0.000000 0.000000 0.000000 0.000000 0.000000 0.000000 0.000000 0.000000 0.000000 0.000000 0.000000 0.000000 0.000000 0.000000 0.000000 0.000000 0.000000 0.000000 0.000000 0.000000 0.000000 0.000000 0.000000 0.000000 0.000000 0.000000 0.000000 0.000000 0.000000 0.000000 0.000000 0.000000 0.000000 0.000000 0.000000 0.000000 0.000000 0.000000 0.000000 0.000000 0.000000 0.000000 0.000000 0.000000 0.000000 0.000000 0.000000 0.000000 0.000000 0.000000 0.000000 1.000000 -1.497672 25.932658 17.631066 -24.420345 13.956853 -35.023010 7.171586 -6.653549 7.833275 -0.617486 48.641389 0.256418 11.824701 12.622291 28.325169 -2.283744 23.405163 -10.344692 -4.254834 6.499109 -11.488318 24.723881 5.069615 -35.748806 -6.260460 23.497913 62.069836 18.578767 -14.462867 3.701478 -15.429469 14.639429 -3.114964 -15.311095
-0.559708 9.191969 9.131669 3.711049 22.224271 9.924903 -49.525502 -34.393053 -22.205682 76.266330 6.285160 55.538315 38.052107 -3.312331 32.563118 -1.105354 55.261736 336.764955 6.683123 -18.695672 26.460470 31.338431 28.572285 123.614159 18.033207 174.501849 -26.441135 -35.589778 -32.031106 550.198792 563.676496 18360.925758 4.373606 54.172656 3.354060 -50.883821 -205.736071 47.211723 56.079797 379.844965 252.866934 38.772438 -15.913273 26.705966 -50.899119 20.167055 -8.388958 -9.131795 -34.504611 87.510472 -170.890568 -767.078514 -104.569999 8.917445 1639.268139 -5.862887 -6.813323 44.639131 63.917500 -99.213878 -36.469383 23.524730 3.940816 34.191470 -237.705531 39.113099 31.755592 0.000000 0.000000 0.000000 0.000000 0.000000 0.000000 0.000000 0.000000 0.000000 0.000000 0.000000 0.000000 0.000000 0.000000 0.000000 0.000000 0.000000 0.000000 0.000000 0.000000 0.000000 0.000000 0.000000 0.000000 0.000000 0.000000 0.000000 0.000000 0.000000 0.000000 0.000000 0.000000 0.000000 0.000000 0.000000 0.000000 0.000000 0.000000 0.000000 0.000000 0.000000 0.000000 0.000000 0.000000 0.000000 0.000000 0.000000 0.000000 0.000000 0.000000 0.000000 0.000000 0.000000 0.000000 0.000000 0.000000 0.000000 0.000000 0.000000 0.000000 0.000000 0.000000 0.000000 0.000000 0.000000 0.000000 0.000000 0.000000 0.000000 0.000000 0.000000 0.000000 0.000000 0.000000 0.000000 0.000000 0.000000 0.000000 0.000000 0.000000 0.000000 0.000000 0.000000 0.000000 0.000000 0.000000 0.000000 0.000000 0.000000 0.000000 0.000000 0.000000 0.000000 0.000000 0.000000 0.000000 0.000000 0.000000 0.000000 1.000000 -34.616048 -20.595520 31.842189 -18.895839 45.522564 -9.493988 7.376406 -9.945723 1.552775 -62.937916 -0.039732 -15.165092 -18.026860 -36.283843 2.602343 -30.215462 14.778725 5.468111 -8.339065 12.477848 -30.343102 -8.565939 46.857086 8.354160 -30.047865 -78.610763 -23.558020 17.578270 -4.301425 18.879271 -18.900341 2.666184 19.816944
0.103179 -3.832819 -5.935254 -16.480765 19.088666 -26.461178 19.486013 0.095659 -5.248557 5.659611 0.141617 34.652359 15.775375 12.639296 2.359504 -11.124291 -33.863153 -195.105917 -27.531935 18.504167 -14.347301 -30.545207 -11.269821 -56.443681 -16.349783 -169.674615 19.819752 45.949360 32.914718 -567.856847 -545.077497 -17725.238684 -9.214889 -24.444524 -9.868247 22.263499 108.614635 -25.287327 -19.592950 -142.389559 -120.655720 -22.645006 -14.745984 -118.093953 96.601557 16.211130 2.220437 -32.340894 12.422538 13.712396 83.108168 410.705714 53.664954 12.675258 2331.010151 -3.027770 13.499537 -19.766497 -30.351127 58.859075 41.649500 8.893975 14.294848 -25.485424 34.836924 -9.542389 -19.897920 -480.540343 0.000000 0.000000 0.000000 0.000000 0.000000 0.000000 0.000000 0.000000 0.000000 0.000000 0.000000 0.000000 0.000000 0.000000 0.000000 0.000000 0.000000 0.000000 0.000000 0.000000 0.000000 0.000000 0.000000 0.000000 0.000000 0.000000 0.000000 0.000000 0.000000 0.000000 0.000000 0.000000 0.000000 0.000000 0.000000 0.000000 0.000000 0.000000 0.000000 0.000000 0.000000 0.000000 0.000000 0.000000 0.000000 0.000000 0.000000 0.000000 0.000000 0.000000 0.000000 0.000000 0.000000 0.000000 0.000000 0.000000 0.000000 0.000000 0.000000 0.000000 0.000000 0.000000 0.000000 0.000000 0.000000 0.000000 0.000000 0.000000 0.000000 0.000000 0.000000 0.000000 0.000000 0.000000 0.000000 0.000000 0.000000 0.000000 0.000000 0.000000 0.000000 0.000000 0.000000 0.000000 0.000000 0.000000 0.000000 0.000000 0.000000 0.000000 0.000000 0.000000 0.000000 0.000000 0.000000 0.000000 0.000000 0.000000 0.000000 1.000000 0.471605 -0.959089 0.577296 -1.308862 0.249409 -0.125921 0.274460 -0.050570 1.789923 -0.006847 0.422494 0.551293 1.073226 -0.112741 0.845682 -0.406579 -0.174251 0.246153 -0.316452 0.784685 0.309414 -1.364536 -0.291103 0.841006 2.152448 0.671431 -0.433581 0.157319 -0.514631 0.584394 -0.066220 -0.561666
0.888745 7.206668 5.194998 9.204436 -11.013568 12.493136 16.809211 3.943939 13.950395 -39.480046 -8.261597 -68.664714 -12.791828 -1.242441 1.831711 -3.398498 -27.505610 -133.431871 -6.995067 7.346442 -11.974158 -20.236194 -6.911809 -16.451841 12.740020 121.837941 -45.008675 62.044345 19.601613 -357.908192 -277.963247 -8999.452418 -26.669025 -15.192448 24.099827 -3.720677 -50.876327 82.157594 74.693227 492.091239 325.509594 -77.081772 24.766021 104.557271 -104.338934 -8.596572 -11.788180 73.356486 24.001183 -21.961346 -46.764866 -219.620559 -35.118083 6.681970 1217.495932 9.699345 17.857356 25.255897 79.486218 -93.691749 -20.084640 20.914918 8.481276 41.822339 -285.184823 50.996197 68.257768 935.468528 62.703849 0.000000 0.000000 0.000000 0.000000 0.000000 0.000000 0.000000 0.000000 0.000000 0.000000 0.000000 0.000000 0.000000 0.000000 0.000000 0.000000 0.000000 0.000000 0.000000 0.000000 0.000000 0.000000 0.000000 0.000000 0.000000 0.000000 0.000000 0.000000 0.000000 0.000000 0.000000 0.000000 0.000000 0.000000 0.000000 0.000000 0.000000 0.000000 0.000000 0.000000 0.000000 0.000000 0.000000 0.000000 0.000000 0.000000 0.000000 0.000000 0.000000 0.000000 0.000000 0.000000 0.000000 0.000000 0.000000 0.000000 0.000000 0.000000 0.000000 0.000000 0.000000 0.000000 0.000000 0.000000 0.000000 0.000000 0.000000 0.000000 0.000000 0.000000 0.000000 0.000000 0.000000 0.000000 0.000000 0.000000 0.000000 0.000000 0.000000 0.000000 0.000000 0.000000 0.000000 0.000000 0.000000 0.000000 0.000000 0.000000 0.000000 0.000000 0.000000 0.000000 0.000000 0.000000 0.000000 0.000000 0.000000 0.000000 0.000000 1.000000 -0.293632 -0.018345 -0.092046 0.308689 -1.072587 -0.088235 -0.395351 -0.136306 -0.052541 0.026185 -0.038182 -0.851837 0.053575 0.249887 -0.267267 0.459342 -0.254739 0.210835 0.543702 -0.396929 0.629355 0.977270 0.289645 0.939446 0.515195 0.358362 -0.002677 -0.167699 -0.316676 0.671587 0.433238
-4.203907 -4.932279 -2.414922 -3.351760 -11.478282 -15.182363 50.946099 17.807861 7.672193 -36.993808 6.666446 103.405318 -13.397212 -4.436592 35.779723 -24.531718 -34.269143 -132.785110 5.253281 18.128611 26.677979 -21.678207 -22.488968 -112.281729 7.687701 18.469808 -44.383914 87.691622 28.846821 -495.814759 -504.582504 -16408.629083 -9.260509 -46.193670 -20.221844 17.951164 106.908242 -79.156291 -30.390448 -204.830587 -141.678817 -30.061979 9.756012 -23.780368 15.830897 -14.847629 2.990247 -6.509170 -13.959757 -17.330860 67.426094 361.242053 98.519019 -16.351520 -3002.927345 1.389207 52.411787 -50.619903 41.427871 -43.054638 -2.506473 35.299356 2.138518 5.848550 -219.560431 47.957701 47.107536 245.735895 50.054602 -38.353224 0.000000 0.000000 0.000000 0.000000 0.000000 0.000000 0.000000 0.000000 0.000000 0.000000 0.000000 0.000000 0.000000 0.000000 0.000000 0.000000 0.000000 0.000000 0.000000 0.000000 0.000000 0.000000 0.000000 0.000000 0.000000 0.000000 0.000000 0.000000 0.000000 0.000000 0.000000 0.000000 0.000000 0.000000 0.000000 0.000000 0.000000 0.000000 0.000000 0.000000 0.000000 0.000000 0.000000 0.000000 0.000000 0.000000 0.000000 0.000000 0.000000 0.000000 0.000000 0.000000 0.000000 0.000000 0.000000 0.000000 0.000000 0.000000 0.000000 0.000000 0.000000 0.000000 0.000000 0.000000 0.000000 0.000000 0.000000 0.000000 0.000000 0.000000 0.000000 0.000000 0.000000 0.000000 0.000000 0.000000 0.000000 0.000000 0.000000 0.000000 0.000000 0.000000 0.000000 0.000000 0.000000 0.000000 0.000000 0.000000 0.000000 0.000000 0.000000 0.000000 0.000000 0.000000 0.000000 0.000000 0.000000 0.000000 0.000000 1.000000 -0.321113 0.710867 0.055324 -0.390435 0.625670 -0.011033 -1.793472 0.067548 0.499417 -0.866926 -0.225863 0.779195 -0.359965 -0.993661 -0.694426 -0.029414 -0.507034 0.384001 -0.180742 -0.007281 -0.191002 -1.068778 -0.346739 0.511627 0.239514 -0.984092 0.452367 -0.061687 0.145482 -0.026260
0.050023 -5.694413 -8.891098 -3.880920 -16.253935 -10.157893 45.140102 26.271891 8.296151 -36.601612 -2.997355 12.406470 -28.741123 -8.181987 1.933035 -41.258470 -70.725623 -315.924225 18.780889 24.398573 56.990028 -7.804674 -26.561491 -133.232413 14.922628 76.166099 -51.021433 89.043143 16.069876 -273.537578 -311.278646 -10162.843986 9.651058 -22.654452 -20.470933 13.789153 105.921436 -57.146626 -56.694422 -389.734709 -256.588052 -48.168689 6.293638 -60.203231 105.643207 0.814890 29.717942 -116.719076 -44.616121 36.918522 82.860357 386.506959 7.180844 -56.950585 -10404.416926 -30.106277 -34.548968 26.065662 -29.750563 5.345303 6.374079 -9.138774 8.752709 7.819471 12.282582 -12.228468 -3.713838 222.602332 3.119888 48.214521 -29.250253 0.000000 0.000000 0.000000 0.000000 0.000000 0.000000 0.000000 0.000000 0.000000 0.000000 0.000000 0.000000 0.000000 0.000000 0.000000 0.000000 0.000000 0.000000 0.000000 0.000000 0.000000 0.000000 0.000000 0.000000 0.000000 0.000000 0.000000 0.000000 0.000000 0.000000 0.000000 0.000000 0.000000 0.000000 0.000000 0.000000 0.000000 0.000000 0.000000 0.000000 0.000000 0.000000 0.000000 0.000000 0.000000 0.000000 0.000000 0.000000 0.000000 0.000000 0.000000 0.000000 0.000000 0.000000 0.000000 0.000000 0.000000 0.000000 0.000000 0.000000 0.000000 0.000000 0.000000 0.000000 0.000000 0.000000 0.000000 0.000000 0.000000 0.000000 0.000000 0.000000 0.000000 0.000000 0.000000 0.000000 0.000000 0.000000 0.000000 0.000000 0.000000 0.000000 0.000000 0.000000 0.000000 0.000000 0.000000 0.000000 0.000000 0.000000 0.000000 0.000000 0.000000 0.000000 0.000000 0.000000 0.000000 0.000000 0.000000 1.000000 1.396374 0.758706 -0.435233 0.686981 0.573019 -1.737716 0.222285 1.380660 -0.709804 0.380545 0.582611 -0.512421 -1.460344 -1.380503 -0.524181 -0.853385 0.662044 0.944417 -1.117583 -0.618625 -1.400713 -0.580288 1.061208 0.905212 -1.206955 -0.000657 0.256187 -0.111772 0.313924
-2.166279 -11.112364 -13.811606 -21.808075 23.123313 -25.164075 -35.718125 -0.951004 -24.107615 74.769604 -10.067346 -69.724154 -7.695486 17.757738 -18.093342 41.771346 30.232870 30.312663 -29.555530 -9.347455 -73.700664 -1.060632 13.986142 67.466770 -46.618786 -372.461839 119.106438 -132.196494 -22.303357 389.246077 356.949328 11581.120118 -8.610309 -50.011424 56.834286 48.445488 120.610094 11.453056 -4.633380 -17.692118 -41.443662 117.165399 -63.439681 -159.391454 123.312734 44.879670 29.914572 -268.683540 -113.279357 156.495311 132.419310 700.389852 129.454074 4.476208 789.021097 17.323501 27.801451 -54.944955 4.118607 2.369382 -21.579306 -33.058654 23.100148 -21.290526 204.436787 9.679285 61.583165 1941.312412 38.925237 153.191913 1.351123 -46.968530 0.000000 0.000000 0.000000 0.000000 0.000000 0.000000 0.000000 0.000000 0.000000 0.000000 0.000000 0.000000 0.000000 0.000000 0.000000 0.000000 0.000000 0.000000 0.000000 0.000000 0.000000 0.000000 0.000000 0.000000 0.000000 0.000000 0.000000 0.000000 0.000000 0.000000 0.000000 0.000000 0.000000 0.000000 0.000000 0.000000 0.000000 0.000000 0.000000 0.000000 0.000000 0.000000 0.000000 0.000000 0.000000 0.000000 0.000000 0.000000 0.000000 0.000000 0.000000 0.000000 0.000000 0.000000 0.000000 0.000000 0.000000 0.000000 0.000000 0.000000 0.000000 0.000000 0.000000 0.000000 0.000000 0.000000 0.000000 0.000000 0.000000 0.000000 0.000000 0.000000 0.000000 0.000000 0.000000 0.000000 0.000000 0.000000 0.000000 0.000000 0.000000 0.000000 0.000000 0.000000 0.000000 0.000000 0.000000 0.000000 0.000000 0.000000 0.000000 0.000000 0.000000 0.000000 0.000000 0.000000 0.000000 0.000000 0.000000 1.000000 -0.055375 -0.492537 1.952227 0.731824 -4.968422 0.859314 1.532274 -1.837340 0.692264 0.327862 -0.440074 -1.266940 -2.027308 -1.043484 -1.707433 -0.287122 -0.570440 -0.800161 0.178542 -3.043932 -0.617200 2.476770 3.023362 -0.585525 0.656976 0.918425 -0.130677 0.059091
8.782017 3.400545 -6.600646 -5.148949 18.347468 1.131437 -54.553492 -18.688622 -16.683409 62.065692 -2.622906 -37.896065 0.545097 0.151710 -10.876224 27.685336 48.430343 221.124565 0.521696 -26.324769 -23.929220 14.655124 14.676298 71.419609 -7.962656 -48.738519 24.730773 -42.874141 -16.592302 289.832116 282.557259 9191.538705 6.026049 26.346034 -23.201009 -27.899946 -132.162833 6.601901 18.799010 157.293255 112.839634 48.222303 10.837149 72.633954 -122.270196 -29.314322 -52.176365 328.089407 154.158291 -176.254097 -131.676059 -662.943434 -79.971428 58.610136 10690.786450 19.889064 17.720588 -8.300652 5.224410 15.114964 2.663399 -15.422264 -13.515980 -16.373617 168.022891 7.106927 30.397317 916.732028 51.642287 -6.428918 2.469801 -11.867626 26.588669 0.000000 0.000000 0.000000 0.000000 0.000000 0.000000 0.000000 0.000000 0.000000 0.000000 0.000000 0.000000 0.000000 0.000000 0.000000 0.000000 0.000000 0.000000 0.000000 0.000000 0.000000 0.000000 0.000000 0.000000 0.000000 0.000000 0.000000 0.000000 0.000000 0.000000 0.000000 0.000000 0.000000 0.000000 0.000000 0.000000 0.000000 0.000000 0.000000 0.000000 0.000000 0.000000 0.000000 0.000000 0.000000 0.000000 0.000000 0.000000 0.000000 0.000000 0.000000 0.000000 0.000000 0.000000 0.000000 0.000000 0.000000 0.000000 0.000000 0.000000 0.000000 0.000000 0.000000 0.000000 0.000000 0.000000 0.000000 0.000000 0.000000 0.000000 0.000000 0.000000 0.000000 0.000000 0.000000 0.000000 0.000000 0.000000 0.000000 0.000000 0.000000 0.000000 0.000000 0.000000 0.000000 0.000000 0.000000 0.000000 0.000000 0.000000 0.000000 0.000000 0.000000 0.000000 0.000000 0.000000 0.000000 0.000000 0.000000 1.000000 1.091807 2.237568 0.637297 -1.598948 -0.264891 2.191394 -0.046327 1.709477 2.007252 -1.709150 -1.388994 -2.609229 0.156099 -1.638515 1.653656 0.119635 -2.057691 -2.701863 -0.993883 0.600564 -0.615088 -0.462727 -2.517982 1.151381 1.498182 -0.834006 -0.371620
3.416661 0.366133 0.372297 8.709916 -14.488472 14.418073 -5.134687 10.907157 9.279609 -11.423693 -2.951990 -45.932078 -18.256504 -15.205412 6.597474 7.119004 21.936884 157.704132 41.892957 -0.859888 38.968224 17.436584 10.442340 30.089171 -7.144074 -60.460355 25.035378 -56.895631 -14.184167 234.966262 227.643503 7393.808533 -9.552295 -56.767761 48.599724 62.228250 186.587277 -2.233985 -12.290177 -56.281277 -72.337973 127.229198 -44.570486 -97.913194 66.219489 10.757076 16.871826 -126.298982 -68.682430 68.481671 41.160163 203.442018 88.175332 31.103001 5664.763373 30.034769 21.688049 -57.939951 5.291082 29.986693 -53.164804 -69.344137 20.317380 7.062024 221.374170 -6.438549 44.145212 1862.758518 77.946591 130.797759 -10.927118 19.146378 1.789240 36.982784 0.000000 0.000000 0.000000 0.000000 0.000000 0.000000 0.000000 0.000000 0.000000 0.000000 0.000000 0.000000 0.000000 0.000000 0.000000 0.000000 0.000000 0.000000 0.000000 0.000000 0.000000 0.000000 0.000000 0.000000 0.000000 0.000000 0.000000 0.000000 0.000000 0.000000 0.000000 0.000000 0.000000 0.000000 0.000000 0.000000 0.000000 0.000000 0.000000 0.000000 0.000000 0.000000 0.000000 0.000000 0.000000 0.000000 0.000000 0.000000 0.000000 0.000000 0.000000 0.000000 0.000000 0.000000 0.000000 0.000000 0.000000 0.000000 0.000000 0.000000 0.000000 0.000000 0.000000 0.000000 0.000000 0.000000 0.000000 0.000000 0.000000 0.000000 0.000000 0.000000 0.000000 0.000000 0.000000 0.000000 0.000000 0.000000 0.000000 0.000000 0.000000 0.000000 0.000000 0.000000 0.000000 0.000000 0.000000 0.000000 0.000000 0.000000 0.000000 0.000000 0.000000 0.000000 0.000000 0.000000 0.000000 0.000000 0.000000 1.000000 -2.972988 0.198886 5.700315 -0.911848 -2.599483 2.761885 0.470864 -0.120738 0.515802 2.104237 1.960233 1.164877 2.730464 0.470422 1.026845 0.300316 -1.650844 3.357888 -1.807296 -4.238861 -4.409114 0.393636 -0.549958 -1.292482 -0.997047 -0.347855
-1.233446 -3.455647 -1.280503 -6.750294 14.516885 -10.466355 -1.429795 -9.103603 6.725755 -2.528791 -5.726823 -66.766462 4.347091 4.219745 -1.322938 0.189095 -22.156791 -158.178523 -9.633973 12.357552 -37.063630 -44.959379 -53.174391 -216.978917 60.017587 554.805760 -160.744572 89.797590 -28.621384 461.168442 534.205662 17438.816178 -1.152771 31.070470 -17.132358 -61.837387 -290.214231 58.071575 86.355152 626.088377 411.722074 41.990038 17.057186 137.973099 -199.834574 -41.964035 -41.371049 298.345101 76.240892 -85.336797 -294.658228 -1424.510841 -144.651361 53.774999 9865.052148 -22.979098 32.451630 -12.872947 29.640692 -44.456363 32.139172 86.356965 -1.991801 -0.808234 -380.185929 24.617066 -78.914058 -3614.475941 -215.460274 -242.581059 11.289155 112.400624 2.316400 -78.020104 -384.568367 0.000000 0.000000 0.000000 0.000000 0.000000 0.000000 0.000000 0.000000 0.000000 0.000000 0.000000 0.000000 0.000000 0.000000 0.000000 0.000000 0.000000 0.000000 0.000000 0.000000 0.000000 0.000000 0.000000 0.000000 0.000000 0.000000 0.000000 0.000000 0.000000 0.000000 0.000000 0.000000 0.000000 0.000000 0.000000 0.000000 0.000000 0.000000 0.000000 0.000000 0.000000 0.000000 0.000000 0.000000 0.000000 0.000000 0.000000 0.000000 0.000000 0.000000 0.000000 0.000000 0.000000 0.000000 0.000000 0.000000 0.000000 0.000000 0.000000 0.000000 0.000000 0.000000 0.000000 0.000000 0.000000 0.000000 0.000000 0.000000 0.000000 0.000000 0.000000 0.000000 0.000000 0.000000 0.000000 0.000000 0.000000 0.000000 0.000000 0.000000 0.000000 0.000000 0.000000 0.000000 0.000000 0.000000 0.000000 0.000000 0.000000 0.000000 0.000000 0.000000 0.000000 0.000000 0.000000 0.000000 0.000000 0.000000 0.000000 1.000000 0.415713 -1.525626 0.370396 0.756423 -0.712952 0.581425 0.123244 -0.140266 -0.427483 -0.810655 -0.386015 -0.985824 -0.096034 -0.291126 -0.541694 0.068327 -1.121183 0.285936 0.986799 0.981335 -0.247376 0.083337 0.430028 -0.232119 -0.224259
-0.334592 -6.940364 -8.402615 -10.758453 14.968973 -5.778823 -54.885870 -10.279402 -22.295769 64.936971 6.271882 17.300023 10.402051 24.138479 -47.969518 54.976857 59.919595 145.136361 -21.119042 -0.556033 -64.561193 -9.566732 1.181125 22.722447 -6.498310 -22.898473 32.118306 -63.666121 -8.219648 138.534296 171.479673 5593.570328 -3.318141 15.449715 -1.550793 -16.699134 -99.263928 75.962099 64.859200 445.154382 297.954876 -22.655475 10.742384 73.263304 -64.037122 -15.143563 -31.919094 180.796647 84.278591 -79.213042 -80.997950 -398.392020 -40.809576 40.340489 7349.182521 30.329851 -7.789441 14.158408 4.967694 26.750576 -3.338735 -33.461692 -19.516211 -9.401167 264.919017 -49.594171 -26.418517 528.496717 26.523551 37.423398 6.770517 -29.815242 -22.572410 22.195893 165.618771 -25.779330 0.000000 0.000000 0.000000 0.000000 0.000000 0.000000 0.000000 0.000000 0.000000 0.000000 0.000000 0.000000 0.000000 0.000000 0.000000 0.000000 0.000000 0.000000 0.000000 0.000000 0.000000 0.000000 0.000000 0.000000 0.000000 0.000000 0.000000 0.000000 0.000000 0.000000 0.000000 0.000000 0.000000 0.000000 0.000000 0.000000 0.000000 0.000000 0.000000 0.000000 0.000000 0.000000 0.000000 0.000000 0.000000 0.000000 0.000000 0.000000 0.000000 0.000000 0.000000 0.000000 0.000000 0.000000 0.000000 0.000000 0.000000 0.000000 0.000000 0.000000 0.000000 0.000000 0.000000 0.000000 0.000000 0.000000 0.000000 0.000000 0.000000 0.000000 0.000000 0.000000 0.000000 0.000000 0.000000 0.000000 0.000000 0.000000 0.000000 0.000000 0.000000 0.000000 0.000000 0.000000 0.000000 0.000000 0.000000 0.000000 0.000000 0.000000 0.000000 0.000000 0.000000 0.000000 0.000000 0.000000 0.000000 0.000000 0.000000 1.000000 -0.399757 1.441758 -0.636862 -0.129306 -0.191615 -1.244239 0.634361 0.884720 1.699482 -0.941320 -0.037080 -3.742090 -0.462349 1.331344 2.712705 0.402663 -0.178885 0.920968 2.304819 1.892080 -1.600667 0.147907 0.153204 -0.175654
6.272418 4.808617 6.133815 4.019298 8.319159 7.566786 -20.681305 -13.562442 -1.637352 7.469605 8.655165 38.035330 20.357149 -1.938971 -11.870151 -3.954698 16.818170 100.624315 9.787836 4.089624 30.108158 14.144118 -9.502118 -45.029478 15.823119 127.219383 -25.207141 9.319046 -0.949713 20.629877 1.059413 24.367716 16.255863 20.378768 -30.711179 -17.182974 -20.909334 -38.070287 -12.274069 -69.316973 -36.166610 -50.648185 22.554078 36.672148 2.340582 -34.661907 -3.372098 124.126042 28.480892 -38.842160 -117.729152 -589.342430 -59.886957 16.777807 3133.047662 -23.104597 18.058265 -30.209858 -19.160239 18.218981 68.083420 58.083472 -36.003274 -45.782784 101.807513 -49.355334 -102.482402 -2259.927509 -156.459069 -74.618209 -31.843659 72.479184 21.680020 -72.358393 -379.150690 81.681533 6.532040 0.000000 0.000000 0.000000 0.000000 0.000000 0.000000 0.000000 0.000000 0.000000 0.000000 0.000000 0.000000 0.000000 0.000000 0.000000 0.000000 0.000000 0.000000 0.000000 0.000000 0.000000 0.000000 0.000000 0.000000 0.000000 0.000000 0.000000 0.000000 0.000000 0.000000 0.000000 0.000000 0.000000 0.000000 0.000000 0.000000 0.000000 0.000000 0.000000 0.000000 0.000000 0.000000 0.000000 0.000000 0.000000 0.000000 0.000000 0.000000 0.000000 0.000000 0.000000 0.000000 0.000000 0.000000 0.000000 0.000000 0.000000 0.000000 0.000000 0.000000 0.000000 0.000000 0.000000 0.000000 0.000000 0.000000 0.000000 0.000000 0.000000 0.000000 0.000000 0.000000 0.000000 0.000000 0.000000 0.000000 0.000000 0.000000 0.000000 0.000000 0.000000 0.000000 0.000000 0.000000 0.000000 0.000000 0.000000 0.000000 0.000000 0.000000 0.000000 0.000000 0.000000 0.000000 0.000000 0.000000 0.000000 0.000000 0.000000 1.000000 -13.027956 7.400283 -6.416904 14.211302 8.371652 -5.951314 -8.064421 -22.305799 7.396198 -10.862502 36.636988 2.243277 -24.928461 -26.942635 -16.000981 -4.322751 -3.303142 -31.572477 -15.348891 9.970225 -6.609304 -8.704456 -0.397874
-5.386679 -12.920396 1.599422 -1.700139 -19.840099 0.865658 13.381147 3.213948 17.146140 -53.272614 -14.188975 -153.537618 6.785090 1.550337 -28.461999 -11.229894 -49.356708 -243.211093 -41.182285 -1.771803 -35.731706 -25.676718 -25.917035 -122.928978 -12.207197 -86.632416 38.103888 -69.542634 -16.444547 288.699673 263.417160 8537.951035 5.200520 15.809000 18.434640 15.171660 -6.197544 31.034783 -7.456209 -39.681780 -31.610461 95.438072 -35.815250 -70.279740 32.136874 19.262217 7.242025 -76.258370 -41.381176 58.221927 -53.466250 -299.046015 -67.436337 20.738091 3811.306105 6.342799 -6.766042 28.771052 45.802528 -44.996040 -33.198761 6.756955 -2.977495 22.223420 -122.087878 43.014632 35.023386 62.505046 -30.708237 -27.924550 11.945092 49.098493 10.180876 -2.977538 -134.723965 2.168659 13.559194 181.225166 0.000000 0.000000 0.000000 0.000000 0.000000 0.000000 0.000000 0.000000 0.000000 0.000000 0.000000 0.000000 0.000000 0.000000 0.000000 0.000000 0.000000 0.000000 0.000000 0.000000 0.000000 0.000000 0.000000 0.000000 0.000000 0.000000 0.000000 0.000000 0.000000 0.000000 0.000000 0.000000 0.000000 0.000000 0.000000 0.000000 0.000000 0.000000 0.000000 0.000000 0.000000 0.000000 0.000000 0.000000 0.000000 0.000000 0.000000 0.000000 0.000000 0.000000 0.000000 0.000000 0.000000 0.000000 0.000000 0.000000 0.000000 0.000000 0.000000 0.000000 0.000000 0.000000 0.000000 0.000000 0.000000 0.000000 0.000000 0.000000 0.000000 0.000000 0.000000 0.000000 0.000000 0.000000 0.000000 0.000000 0.000000 0.000000 0.000000 0.000000 0.000000 0.000000 0.000000 0.000000 0.000000 0.000000 0.000000 0.000000 0.000000 0.000000 0.000000 0.000000 0.000000 0.000000 0.000000 0.000000 0.000000 0.000000 0.000000 1.000000 -0.648878 0.551282 -1.359336 -0.536403 0.381303 0.647972 1.991344 -0.535131 0.943079 -2.931232 -0.261002 2.080860 2.336381 1.394165 0.507348 0.191813 2.354722 1.165642 -0.671337 0.362941 0.805666 0.041890
-5.347150 3.253183 -3.658355 -15.114608 34.416399 -29.445656 9.229063 -5.515587 -4.681718 14.566930 7.763696 84.720945 18.329431 -9.287053 36.444573 -20.996941 17.898784 197.388352 38.817171 -6.649208 64.392954 22.621971 41.935737 154.694717 -26.322636 -258.523502 85.902567 -76.534177 10.427106 -153.837111 -224.894876 -7355.757595 -5.250008 -19.579603 38.976928 28.949724 148.691219 -23.823026 -36.784255 -260.767302 -173.429954 8.647562 -2.242548 -21.525270 25.773085 12.725166 9.024018 -67.469396 -15.152444 50.394914 109.984687 593.353810 95.696741 -13.056322 -2420.915611 23.098387 36.313147 -89.905669 -48.587992 68.231923 15.433094 -40.669216 -3.263423 -25.068815 352.441499 -32.831924 8.845351 1344.264270 68.000812 169.869363 -24.809294 -46.723456 -24.205800 68.373243 260.531066 -54.118399 -85.607731 -1034.304938 -27.309222 0.000000 0.000000 0.000000 0.000000 0.000000 0.000000 0.000000 0.000000 0.000000 0.000000 0.000000 0.000000 0.000000 0.000000 0.000000 0.000000 0.000000 0.000000 0.000000 0.000000 0.000000 0.000000 0.000000 0.000000 0.000000 0.000000 0.000000 0.000000 0.000000 0.000000 0.000000 0.000000 0.000000 0.000000 0.000000 0.000000 0.000000 0.000000 0.000000 0.000000 0.000000 0.000000 0.000000 0.000000 0.000000 0.000000 0.000000 0.000000 0.000000 0.000000 0.000000 0.000000 0.000000 0.000000 0.000000 0.000000 0.000000 0.000000 0.000000 0.000000 0.000000 0.000000 0.000000 0.000000 0.000000 0.000000 0.000000 0.000000 0.000000 0.000000 0.000000 0.000000 0.000000 0.000000 0.000000 0.000000 0.000000 0.000000 0.000000 0.000000 0.000000 0.000000 0.000000 0.000000 0.000000 0.000000 0.000000 0.000000 0.000000 0.000000 0.000000 0.000000 0.000000 0.000000 0.000000 0.000000 0.000000 0.000000 0.000000 1.000000 0.016086 9.661058 -2.649348 4.916639 0.381433 -6.879354 -0.126530 -0.961848 3.966907 2.622826 -2.557634 -9.413041 -2.151251 -5.407572 0.673851 4.248381 0.019678 -2.772909 5.956265 -4.135530 -2.582462
0.234151 -8.799600 -12.844769 -8.335787 -0.157649 -18.963474 26.805205 8.721470 -2.140170 10.907053 -11.596612 -33.405499 -28.351957 10.226330 19.685416 19.581426 -3.890166 -78.021006 -26.516897 5.053039 -60.524101 -40.430361 8.255258 33.890378 -27.011436 -212.304805 78.871589 -119.829766 -9.860963 187.286397 146.137015 4741.246774 -32.347479 -40.215248 101.907951 29.351695 71.788852 62.814843 39.398712 248.926309 157.036944 69.297738 -14.411116 48.439818 -93.750500 0.303006 -19.565935 59.483108 10.288617 -10.538110 -45.936418 -136.342177 36.192772 -26.965912 -4963.402397 -23.857412 -26.953326 76.224596 65.226273 -63.094958 -13.631827 35.185991 12.320591 34.469791 -383.739436 43.658042 2.212308 -1274.083009 -38.134864 -169.094520 65.731508 -33.136652 -3.735267 -21.547481 63.038489 -73.046518 -74.158180 -883.137814 -112.413252 11.244412 0.000000 0.000000 0.000000 0.000000 0.000000 0.000000 0.000000 0.000000 0.000000 0.000000 0.000000 0.000000 0.000000 0.000000 0.000000 0.000000 0.000000 0.000000 0.000000 0.000000 0.000000 0.000000 0.000000 0.000000 0.000000 0.000000 0.000000 0.000000 0.000000 0.000000 0.000000 0.000000 0.000000 0.000000 0.000000 0.000000 0.000000 0.000000 0.000000 0.000000 0.000000 0.000000 0.000000 0.000000 0.000000 0.000000 0.000000 0.000000 0.000000 0.000000 0.000000 0.000000 0.000000 0.000000 0.000000 0.000000 0.000000 0.000000 0.000000 0.000000 0.000000 0.000000 0.000000 0.000000 0.000000 0.000000 0.000000 0.000000 0.000000 0.000000 0.000000 0.000000 0.000000 0.000000 0.000000 0.000000 0.000000 0.000000 0.000000 0.000000 0.000000 0.000000 0.000000 0.000000 0.000000 0.000000 0.000000 0.000000 0.000000 0.000000 0.000000 0.000000 0.000000 0.000000 0.000000 0.000000 0.000000 0.000000 0.000000 1.000000 82.053060 -18.209675 45.718791 6.637353 -50.077975 5.697966 0.284813 28.640733 14.829350 -13.700612 -76.559451 -9.745214 -46.500791 6.408016 34.819107 3.426367 -16.336427 50.712329 -27.806354 -23.602057
-2.407421 -2.272142 -1.199217 -5.725656 4.707427 -6.203140 -4.823264 -4.292000 -0.783820 -3.024220 2.443664 11.692197 21.247564 2.758556 7.158133 0.179925 17.895735 119.179005 -4.440731 -3.901724 16.067291 22.598151 16.464095 59.244028 -20.059490 -183.920106 50.719729 -30.751007 -1.083486 13.937460 37.263751 1227.653333 1.776914 11.726159 -14.199918 -16.524679 -87.379893 -6.960644 12.805373 96.298264 51.412808 35.442847 -25.074776 -80.893719 27.960369 5.869065 -16.076664 76.976114 36.400787 -7.851200 -51.501687 -192.264948 -21.574238 -10.910310 -1978.900112 -19.024663 -17.919920 56.177208 19.475930 -36.189333 31.491903 54.867056 -0.763687 23.310549 -323.948979 -6.095156 -72.422133 -2501.706342 -113.482898 -156.598668 3.184093 57.160143 -8.824805 -10.208336 -50.720679 -39.268334 14.155879 224.069615 29.151195 -44.639032 3464.644566 0.000000 0.000000 0.000000 0.000000 0.000000 0.000000 0.000000 0.000000 0.000000 0.000000 0.000000 0.000000 0.000000 0.000000 0.000000 0.000000 0.000000 0.000000 0.000000 0.000000 0.000000 0.000000 0.000000 0.000000 0.000000 0.000000 0.000000 0.000000 0.000000 0.000000 0.000000 0.000000 0.000000 0.000000 0.000000 0.000000 0.000000 0.000000 0.000000 0.000000 0.000000 0.000000 0.000000 0.000000 0.000000 0.000000 0.000000 0.000000 0.000000 0.000000 0.000000 0.000000 0.000000 0.000000 0.000000 0.000000 0.000000 0.000000 0.000000 0.000000 0.000000 0.000000 0.000000 0.000000 0.000000 0.000000 0.000000 0.000000 0.000000 0.000000 0.000000 0.000000 0.000000 0.000000 0.000000 0.000000 0.000000 0.000000 0.000000 0.000000 0.000000 0.000000 0.000000 0.000000 0.000000 0.000000 0.000000 0.000000 0.000000 0.000000 0.000000 0.000000 0.000000 0.000000 0.000000 0.000000 0.000000 0.000000 0.000000 1.000000 -0.217249 0.548894 0.079184 -0.603679 0.069759 -0.002093 0.340029 0.170784 -0.163945 -0.922836 -0.122367 -0.554416 0.093174 0.414688 0.047608 -0.203872 0.609016 -0.339367 -0.282850
1.837433 6.016564 11.672059 19.214528 -13.795120 32.860265 -28.198831 -16.089820 14.122985 -28.288742 9.674424 9.177825 7.107283 -0.597071 -26.785507 6.384996 -7.044885 -72.452002 -15.989777 -0.308422 -71.738252 -76.679117 -18.353796 -81.459283 -33.447007 -287.435297 93.584281 -66.146894 8.649034 -123.589395 -181.818616 -5971.890951 -0.564208 -11.419556 -8.852575 23.227403 120.677451 -28.131729 10.364936 113.173086 86.980444 -37.191185 14.935502 37.025509 11.326184 10.833878 -15.128391 36.280002 40.896262 8.933721 5.452876 -8.571968 -30.558114 34.869475 6348.027088 31.666285 109.305517 -126.860429 92.753187 -42.340536 -111.743787 -94.152074 30.208110 64.996989 51.547716 11.398187 90.543176 2993.514730 225.303312 183.303911 18.087862 -107.432107 -39.497861 149.221282 657.964638 -129.881004 -130.774493 -1562.023153 -94.840047 28.224636 -1872.681867 -61.979021 0.000000 0.000000 0.000000 0.000000 0.000000 0.000000 0.000000 0.000000 0.000000 0.000000 0.000000 0.000000 0.000000 0.000000 0.000000 0.000000 0.000000 0.000000 0.000000 0.000000 0.000000 0.000000 0.000000 0.000000 0.000000 0.000000 0.000000 0.000000 0.000000 0.000000 0.000000 0.000000 0.000000 0.000000 0.000000 0.000000 0.000000 0.000000 0.000000 0.000000 0.000000 0.000000 0.000000 0.000000 0.000000 0.000000 0.000000 0.000000 0.000000 0.000000 0.000000 0.000000 0.000000 0.000000 0.000000 0.000000 0.000000 0.000000 0.000000 0.000000 0.000000 0.000000 0.000000 0.000000 0.000000 0.000000 0.000000 0.000000 0.000000 0.000000 0.000000 0.000000 0.000000 0.000000 0.000000 0.000000 0.000000 0.000000 0.000000 0.000000 0.000000 0.000000 0.000000 0.000000 0.000000 0.000000 0.000000 0.000000 0.000000 0.000000 0.000000 0.000000 0.000000 0.000000 0.000000 0.000000 0.000000 0.000000 0.000000 1.000000 -1.195695 -0.525558 -0.687735 0.287310 0.594401 1.165498 0.054471 -1.051195 -0.504863 -0.156803 -0.358425 -0.707348 -1.959018 -1.294024 1.123802 -1.116541 -0.066436 0.147873
3.066046 -5.632787 -2.920925 -3.489068 2.060376 -5.212181 -13.745519 -14.536406 -2.032073 19.319068 4.986327 40.653542 5.276194 3.726313 -4.605270 14.878875 26.350440 105.429291 10.856083 -5.689282 -27.685583 -19.208427 10.094388 60.474937 -0.749097 31.371209 -3.280441 -26.475028 -21.637947 374.989650 393.072749 12808.010565 16.483371 78.109932 -58.097973 -62.714453 -246.403927 12.630908 31.429540 239.176019 168.884305 26.090452 1.579268 49.695393 -44.868258 -3.719288 -19.840388 107.372367 41.936170 -14.312027 -101.314173 -481.597180 -77.077369 38.605664 7038.389157 28.773376 -8.840233 21.400975 -15.497611 25.218850 1.132715 -17.381335 -14.264520 -9.323664 135.185131 -8.462470 3.399988 423.696385 27.544120 19.849212 -17.073240 36.661415 17.213378 -20.656877 -152.409738 77.789966 87.312756 1034.053182 66.568639 46.324795 -4180.605321 9.264139 -50.934427 0.000000 0.000000 0.000000 0.000000 0.000000 0.000000 0.000000 0.000000 0.000000 0.000000 0.000000 0.000000 0.000000 0.000000 0.000000 0.000000 0.000000 0.000000 0.000000 0.000000 0.000000 0.000000 0.000000 0.000000 0.000000 0.000000 0.000000 0.000000 0.000000 0.000000 0.000000 0.000000 0.000000 0.000000 0.000000 0.000000 0.000000 0.000000 0.000000 0.000000 0.000000 0.000000 0.000000 0.000000 0.000000 0.000000 0.000000 0.000000 0.000000 0.000000 0.000000 0.000000 0.000000 0.000000 0.000000 0.000000 0.000000 0.000000 0.000000 0.000000 0.000000 0.000000 0.000000 0.000000 0.000000 0.000000 0.000000 0.000000 0.000000 0.000000 0.000000 0.000000 0.000000 0.000000 0.000000 0.000000 0.000000 0.000000 0.000000 0.000000 0.000000 0.000000 0.000000 0.000000 0.000000 0.000000 0.000000 0.000000 0.000000 0.000000 0.000000 0.000000 0.000000 0.000000 0.000000 0.000000 0.000000 0.000000 0.000000 1.000000 0.230476 -0.712108 0.373103 0.269096 0.992827 0.528037 -0.035387 -0.877071 0.087521 -0.691522 -0.834371 1.296192 -0.319679 0.888241 0.232609 0.310005 -0.293525
5.829121 4.680315 0.701275 4.198046 4.778695 8.822211 -25.257593 -10.354439 -0.892948 21.579547 -1.086919 -29.392528 -4.047204 -8.396578 -5.150973 3.948671 14.678709 96.027605 25.721281 -16.007379 3.523807 9.640860 11.700510 55.744588 -8.983841 -64.143486 26.012334 -30.227242 -14.637768 252.266590 248.676985 8083.079138 7.137213 15.379468 -24.540207 -4.418859 -29.155534 -19.650064 8.626561 109.105034 62.749175 74.188765 -18.533752 -30.288510 33.581082 -2.058002 -7.697265 21.870124 -7.964782 8.406562 -119.147689 -666.357845 -71.880169 89.359761 16375.814717 43.205816 59.603271 -66.682427 53.853332 -27.740310 -52.147397 -4.352304 17.367092 50.690462 -281.788748 13.420855 -22.474732 -1214.719152 15.604859 -89.910708 24.723257 9.685604 -27.389193 47.899936 212.363755 -62.109907 -8.724951 -70.320343 -10.720234 -6.597262 606.920771 -50.798430 -49.355812 -35.757524 0.000000 0.000000 0.000000 0.000000 0.000000 0.000000 0.000000 0.000000 0.000000 0.000000 0.000000 0.000000 0.000000 0.000000 0.000000 0.000000 0.000000 0.000000 0.000000 0.000000 0.000000 0.000000 0.000000 0.000000 0.000000 0.000000 0.000000 0.000000 0.000000 0.000000 0.000000 0.000000 0.000000 0.000000 0.000000 0.000000 0.000000 0.000000 0.000000 0.000000 0.000000 0.000000 0.000000 0.000000 0.000000 0.000000 0.000000 0.000000 0.000000 0.000000 0.000000 0.000000 0.000000 0.000000 0.000000 0.000000 0.000000 0.000000 0.000000 0.000000 0.000000 0.000000 0.000000 0.000000 0.000000 0.000000 0.000000 0.000000 0.000000 0.000000 0.000000 0.000000 0.000000 0.000000 0.000000 0.000000 0.000000 0.000000 0.000000 0.000000 0.000000 0.000000 0.000000 0.000000 0.000000 0.000000 0.000000 0.000000 0.000000 0.000000 0.000000 0.000000 0.000000 0.000000 0.000000 0.000000 0.000000 0.000000 0.000000 1.000000 1.570892 -1.338959 -0.266797 -0.337992 -0.275439 0.998930 0.993065 -0.760736 1.001553 1.463504 -0.656563 0.183388 -2.026453 -0.590428 -0.768899 -0.455864
7.770268 5.582281 -1.528527 -3.996690 15.614159 -6.439848 -10.593495 -8.017287 -14.754692 44.296927 -4.211716 -0.039996 8.458994 0.055267 14.395890 17.224226 54.937309 312.279626 8.894085 -20.704083 40.930263 78.921072 57.265317 272.266762 1.054573 33.465166 4.500560 -26.706446 -9.097160 157.561364 160.683440 5221.127570 14.400749 39.504267 -14.894932 -21.902105 -84.765406 4.824461 1.584092 28.207940 40.691119 9.970922 23.479789 115.928769 -125.149127 -33.240776 -32.074046 267.911722 131.350989 -133.966195 -69.253165 -318.488694 -67.266127 -24.970067 -4580.543232 -11.405645 -43.017613 34.651690 -57.416821 46.862470 23.199954 -33.492480 -18.799201 -34.857347 387.933150 -40.224973 19.753663 1934.057745 95.647908 172.457102 -58.072965 -8.884007 18.041794 22.545763 -1.501540 61.926758 15.571532 123.268914 43.615259 -14.527383 764.813328 -2.851871 35.257665 8.160478 1.523870 0.000000 0.000000 0.000000 0.000000 0.000000 0.000000 0.000000 0.000000 0.000000 0.000000 0.000000 0.000000 0.000000 0.000000 0.000000 0.000000 0.000000 0.000000 0.000000 0.000000 0.000000 0.000000 0.000000 0.000000 0.000000 0.000000 0.000000 0.000000 0.000000 0.000000 0.000000 0.000000 0.000000 0.000000 0.000000 0.000000 0.000000 0.000000 0.000000 0.000000 0.000000 0.000000 0.000000 0.000000 0.000000 0.000000 0.000000 0.000000 0.000000 0.000000 0.000000 0.000000 0.000000 0.000000 0.000000 0.000000 0.000000 0.000000 0.000000 0.000000 0.000000 0.000000 0.000000 0.000000 0.000000 0.000000 0.000000 0.000000 0.000000 0.000000 0.000000 0.000000 0.000000 0.000000 0.000000 0.000000 0.000000 0.000000 0.000000 0.000000 0.000000 0.000000 0.000000 0.000000 0.000000 0.000000 0.000000 0.000000 0.000000 0.000000 0.000000 0.000000 0.000000 0.000000 0.000000 0.000000 0.000000 0.000000 0.000000 1.000000 -2.919764 17.265767 -17.333254 -8.128510 11.740570 4.318538 31.510586 19.511479 13.442447 13.637530 -2.452864 -12.673421 21.466290 -0.501264 0.372419
-2.885308 3.028203 -1.447572 -5.076370 8.886858 -4.600808 1.894063 7.358338 -3.735414 0.925352 -1.250312 -19.917388 11.318401 11.847346 -8.878979 31.723875 27.207934 72.039124 -19.580686 -11.929928 -50.881948 5.038765 20.722603 103.434005 -25.575197 -178.311991 75.430755 -95.848971 -14.458987 256.995117 263.880128 8587.985362 5.924783 34.542693 -9.647826 -10.416850 -59.993709 11.909624 28.425355 223.689468 129.197750 60.844735 -15.686161 -28.480461 -48.877660 -2.363270 -46.665187 263.703388 135.965654 -105.028207 -143.123493 -673.307099 -123.321176 -11.507775 -2101.020398 -33.547045 -65.863517 93.608687 -7.522741 -6.778513 13.158851 15.448386 10.505387 14.793140 -123.250627 -15.238493 -79.724012 -2416.106551 -200.793597 -128.101316 28.862845 44.304543 -7.374271 -35.658399 -142.134414 -42.824945 -36.109056 -432.336726 -50.760260 -5.683626 819.408952 -10.771864 18.744050 -6.296829 12.357139 10.631021 0.000000 0.000000 0.000000 0.000000 0.000000 0.000000 0.000000 0.000000 0.000000 0.000000 0.000000 0.000000 0.000000 0.000000 0.000000 0.000000 0.000000 0.000000 0.000000 0.000000 0.000000 0.000000 0.000000 0.000000 0.000000 0.000000 0.000000 0.000000 0.000000 0.000000 0.000000 0.000000 0.000000 0.000000 0.000000 0.000000 0.000000 0.000000 0.000000 0.000000 0.000000 0.000000 0.000000 0.000000 0.000000 0.000000 0.000000 0.000000 0.000000 0.000000 0.000000 0.000000 0.000000 0.000000 0.000000 0.000000 0.000000 0.000000 0.000000 0.000000 0.000000 0.000000 0.000000 0.000000 0.000000 0.000000 0.000000 0.000000 0.000000 0.000000 0.000000 0.000000 0.000000 0.000000 0.000000 0.000000 0.000000 0.000000 0.000000 0.000000 0.000000 0.000000 0.000000 0.000000 0.000000 0.000000 0.000000 0.000000 0.000000 0.000000 0.000000 0.000000 0.000000 0.000000 0.000000 0.000000 0.000000 0.000000 0.000000 1.000000 -18.059349 21.190759 6.803108 -10.369042 -4.467344 -37.056590 -21.471337 -15.323190 -12.454747 2.409161 11.096368 -27.089368 1.117117 -2.056155
-7.275964 -15.296135 -11.789336 -15.641898 -11.324002 -21.640621 27.702440 25.286510 4.292578 -34.213133 -1.009027 -12.073154 -0.848711 9.887033 -30.852273 -1.521992 -24.311334 -162.687508 -19.956395 10.995746 -9.463216 -4.348364 -17.321751 -81.046414 -2.512282 -9.865318 10.878687 -58.334051 -25.656413 449.642891 392.596811 12728.081116 7.995660 -7.419039 22.648553 21.495865 33.134083 -16.908017 -36.442039 -221.805114 -171.424777 125.369397 -37.322414 -95.205432 42.617633 -27.427142 5.101705 67.733632 -7.772036 -15.796017 -103.347258 -485.845911 -37.918259 -14.450736 -2609.020734 -42.737844 -31.055171 45.676433 -5.326789 5.523538 33.060100 10.665690 -29.453859 -24.389140 210.271269 -31.645274 -11.603876 517.948670 30.411732 75.543981 -17.138933 -28.350461 -8.451118 39.819618 200.353678 -45.474321 -6.910766 -40.511065 -6.162380 -34.058692 2826.955075 -38.124979 -31.576467 -6.103168 -50.490760 -124.125595 -1342.966590 0.000000 0.000000 0.000000 0.000000 0.000000 0.000000 0.000000 0.000000 0.000000 0.000000 0.000000 0.000000 0.000000 0.000000 0.000000 0.000000 0.000000 0.000000 0.000000 0.000000 0.000000 0.000000 0.000000 0.000000 0.000000 0.000000 0.000000 0.000000 0.000000 0.000000 0.000000 0.000000 0.000000 0.000000 0.000000 0.000000 0.000000 0.000000 0.000000 0.000000 0.000000 0.000000 0.000000 0.000000 0.000000 0.000000 0.000000 0.000000 0.000000 0.000000 0.000000 0.000000 0.000000 0.000000 0.000000 0.000000 0.000000 0.000000 0.000000 0.000000 0.000000 0.000000 0.000000 0.000000 0.000000 0.000000 0.000000 0.000000 0.000000 0.000000 0.000000 0.000000 0.000000 0.000000 0.000000 0.000000 0.000000 0.000000 0.000000 0.000000 0.000000 0.000000 0.000000 0.000000 0.000000 0.000000 0.000000 0.000000 0.000000 0.000000 0.000000 0.000000 0.000000 0.000000 0.000000 0.000000 0.000000 0.000000 0.000000 1.000000 -1.371075 -0.354002 0.543085 0.286924 2.235683 1.314366 0.970000 0.671989 -0.089706 -0.587373 1.722173 -0.076337 0.179502
6.476373 0.197677 -2.414107 10.227430 -16.838056 21.828795 -26.724947 -2.884509 -1.078261 15.664454 -2.685934 -34.636084 -20.031214 4.667207 -17.807408 21.128325 -1.137522 -97.422103 -23.427726 5.812887 -67.282288 -51.366195 -31.558966 -129.985814 -4.532106 -40.479709 0.236389 17.004713 17.596297 -296.846861 -303.553590 -9890.559242 -5.620808 -23.773143 -21.131649 25.370080 92.246130 -17.291699 -38.806578 -266.808501 -198.945397 6.625749 -25.624547 -150.438940 159.370756 19.943264 28.766481 -189.679924 -75.163520 71.897999 103.134262 446.710844 39.031539 32.310548 5884.592758 39.071837 21.090901 -34.356061 21.339360 -19.880616 -22.273353 -31.249074 -11.250798 -32.278806 370.805778 -11.196805 49.810940 2175.923248 60.413093 133.316904 -16.346828 -6.038515 -3.491527 48.854339 107.487845 -31.848096 -33.823765 -405.183784 2.728796 -12.084133 803.382812 23.414134 68.186028 -1.549339 80.114046 244.690581 3050.508331 315.999568 0.000000 0.000000 0.000000 0.000000 0.000000 0.000000 0.000000 0.000000 0.000000 0.000000 0.000000 0.000000 0.000000 0.000000 0.000000 0.000000 0.000000 0.000000 0.000000 0.000000 0.000000 0.000000 0.000000 0.000000 0.000000 0.000000 0.000000 0.000000 0.000000 0.000000 0.000000 0.000000 0.000000 0.000000 0.000000 0.000000 0.000000 0.000000 0.000000 0.000000 0.000000 0.000000 0.000000 0.000000 0.000000 0.000000 0.000000 0.000000 0.000000 0.000000 0.000000 0.000000 0.000000 0.000000 0.000000 0.000000 0.000000 0.000000 0.000000 0.000000 0.000000 0.000000 0.000000 0.000000 0.000000 0.000000 0.000000 0.000000 0.000000 0.000000 0.000000 0.000000 0.000000 0.000000 0.000000 0.000000 0.000000 0.000000 0.000000 0.000000 0.000000 0.000000 0.000000 0.000000 0.000000 0.000000 0.000000 0.000000 0.000000 0.000000 0.000000 0.000000 0.000000 0.000000 0.000000 0.000000 0.000000 0.000000 0.000000 1.000000 0.091623 0.095932 -0.196613 -0.761955 -0.906310 -0.696502 -0.329430 -0.299883 0.026112 -1.041458 0.042196 -0.273319
5.596721 -0.273912 -9.189286 -3.710543 8.648402 -13.406953 18.814648 4.412698 -5.398436 24.819212 0.288519 59.192369 -10.725294 -5.106422 31.057649 -20.085360 0.160318 50.736191 25.084735 23.669855 89.368737 27.297891 -6.399669 -36.827954 49.630924 374.050567 -124.804497 114.901798 13.677730 -261.956824 -209.094912 -6760.661710 5.038815 -15.256784 -30.445201 -7.738458 0.649869 -37.131715 -27.281241 -190.165207 -124.048333 -35.269988 27.955146 47.427742 -39.518353 -27.780199 -9.089211 140.355004 81.797218 -122.754351 38.687114 186.856855 12.720939 -56.372694 -10327.213857 -18.426483 -92.706528 56.934343 -110.190980 94.124923 20.424307 -34.009316 24.603146 -8.632550 114.812581 -59.427349 -82.929958 -1269.566141 -78.766233 0.350050 4.275574 -53.425023 -25.220897 -13.150835 111.691585 -6.118053 -65.650680 -871.027915 -67.282713 63.972706 -4800.559036 59.611065 42.668564 33.474384 79.108475 224.922381 2690.187954 156.699633 -22.917075 0.000000 0.000000 0.000000 0.000000 0.000000 0.000000 0.000000 0.000000 0.000000 0.000000 0.000000 0.000000 0.000000 0.000000 0.000000 0.000000 0.000000 0.000000 0.000000 0.000000 0.000000 0.000000 0.000000 0.000000 0.000000 0.000000 0.000000 0.000000 0.000000 0.000000 0.000000 0.000000 0.000000 0.000000 0.000000 0.000000 0.000000 0.000000 0.000000 0.000000 0.000000 0.000000 0.000000 0.000000 0.000000 0.000000 0.000000 0.000000 0.000000 0.000000 0.000000 0.000000 0.000000 0.000000 0.000000 0.000000 0.000000 0.000000 0.000000 0.000000 0.000000 0.000000 0.000000 0.000000 0.000000 0.000000 0.000000 0.000000 0.000000 0.000000 0.000000 0.000000 0.000000 0.000000 0.000000 0.000000 0.000000 0.000000 0.000000 0.000000 0.000000 0.000000 0.000000 0.000000 0.000000 0.000000 0.000000 0.000000 0.000000 0.000000 0.000000 0.000000 0.000000 0.000000 0.000000 0.000000 0.000000 0.000000 0.000000 1.000000 -2.010352 0.426428 -1.133183 0.881473 2.847271 -5.039064 -0.348018 -1.661576 0.793833 -1.054413 -0.713885
2.128672 -0.549619 0.024813 10.931023 -28.115793 10.527194 37.328822 18.076744 22.016705 -67.353782 -0.127556 -17.495929 -15.772688 -10.890492 -7.030131 -5.212179 -5.607584 27.095571 37.065666 1.147005 52.391060 36.263009 13.580316 65.668924 3.865226 27.425135 -32.010352 95.800429 28.548905 -509.674669 -430.717439 -13960.544246 0.497714 5.940016 -65.309684 -13.181781 -32.153229 -21.795549 11.763366 93.548453 53.211249 -71.096958 21.113661 3.217296 15.324389 -19.182026 6.905373 12.890174 -11.090614 -18.386071 -41.332987 -312.169815 -46.727327 83.048480 15224.009549 30.600915 66.436410 -90.941815 22.574307 15.236901 -11.361583 -24.005546 -17.851849 -26.077211 313.192492 -27.271649 -5.321376 700.095379 1.705119 74.488031 -6.136866 42.043473 -13.997215 34.673973 7.336157 -20.696059 3.094495 52.580072 23.544394 -4.302915 71.833259 -36.457573 -36.962966 39.072507 -104.851285 -227.588137 -2251.003505 -41.729835 -80.550608 -89.162482 0.000000 0.000000 0.000000 0.000000 0.000000 0.000000 0.000000 0.000000 0.000000 0.000000 0.000000 0.000000 0.000000 0.000000 0.000000 0.000000 0.000000 0.000000 0.000000 0.000000 0.000000 0.000000 0.000000 0.000000 0.000000 0.000000 0.000000 0.000000 0.000000 0.000000 0.000000 0.000000 0.000000 0.000000 0.000000 0.000000 0.000000 0.000000 0.000000 0.000000 0.000000 0.000000 0.000000 0.000000 0.000000 0.000000 0.000000 0.000000 0.000000 0.000000 0.000000 0.000000 0.000000 0.000000 0.000000 0.000000 0.000000 0.000000 0.000000 0.000000 0.000000 0.000000 0.000000 0.000000 0.000000 0.000000 0.000000 0.000000 0.000000 0.000000 0.000000 0.000000 0.000000 0.000000 0.000000 0.000000 0.000000 0.000000 0.000000 0.000000 0.000000 0.000000 0.000000 0.000000 0.000000 0.000000 0.000000 0.000000 0.000000 0.000000 0.000000 0.000000 0.000000 0.000000 0.000000 0.000000 0.000000 0.000000 0.000000 1.000000 -0.488236 2.141608 -0.458561 -2.076488 3.006087 -0.062695 1.257041 0.084594 -0.245387 0.500659
6.651435 12.567756 2.483156 10.244305 11.262624 21.180077 -44.498700 -18.768533 -1.753515 20.516898 -0.764914 -45.554676 -5.570493 0.779269 -16.923160 21.319602 26.660974 100.042013 5.274201 -1.932058 -18.311851 -9.048830 -7.478520 -11.279827 21.434635 196.196493 -54.721075 49.882886 -7.166428 97.619101 170.964431 5601.718868 -1.227532 12.605054 -28.645738 -19.043277 -103.298511 40.920683 56.709251 424.508649 278.370604 5.533918 24.370320 116.258094 -150.730672 -39.811148 -45.951180 326.807962 122.598648 -153.065988 -242.446235 -1245.139541 -163.843081 68.466596 12558.892797 3.030288 1.503638 13.222808 9.515858 13.273240 28.553335 19.932487 -16.685850 18.147468 -66.229930 -26.014383 -97.065591 -2660.733302 -194.166324 -127.880421 -8.025971 100.878328 -2.223241 -57.157739 -317.222500 28.018015 43.019433 504.675419 23.484593 11.797758 -1090.150983 -7.678932 -18.071055 -1.774829 5.038256 -11.818974 -267.165260 -55.004675 40.241355 77.448891 28.857758 0.000000 0.000000 0.000000 0.000000 0.000000 0.000000 0.000000 0.000000 0.000000 0.000000 0.000000 0.000000 0.000000 0.000000 0.000000 0.000000 0.000000 0.000000 0.000000 0.000000 0.000000 0.000000 0.000000 0.000000 0.000000 0.000000 0.000000 0.000000 0.000000 0.000000 0.000000 0.000000 0.000000 0.000000 0.000000 0.000000 0.000000 0.000000 0.000000 0.000000 0.000000 0.000000 0.000000 0.000000 0.000000 0.000000 0.000000 0.000000 0.000000 0.000000 0.000000 0.000000 0.000000 0.000000 0.000000 0.000000 0.000000 0.000000 0.000000 0.000000 0.000000 0.000000 0.000000 0.000000 0.000000 0.000000 0.000000 0.000000 0.000000 0.000000 0.000000 0.000000 0.000000 0.000000 0.000000 0.000000 0.000000 0.000000 0.000000 0.000000 0.000000 0.000000 0.000000 0.000000 0.000000 0.000000 0.000000 0.000000 0.000000 0.000000 0.000000 0.000000 0.000000 0.000000 0.000000 0.000000 0.000000 0.000000 0.000000 1.000000 -5.744244 -2.532184 0.362008 -1.820557 0.237075 0.713088 -3.245432 3.117117 1.340471
8.243678 3.982082 3.626788 20.423605 -32.927591 39.510642 -29.433916 -3.308247 -1.274269 5.566907 -0.929162 -36.124627 -10.841334 6.425943 -38.865271 35.367025 41.094939 132.418003 -6.311853 -17.010362 -40.185434 33.787293 30.974522 162.251135 -31.331400 -233.559359 74.112791 -51.476154 -15.439762 284.743320 253.964501 8237.613564 22.401556 59.036620 -60.651046 -51.496836 -186.922817 -7.053349 29.043619 233.074355 177.605172 -22.526768 19.294638 79.656165 -42.567154 -13.070396 -26.003582 151.946055 75.034892 -62.827345 -85.334910 -453.299914 -87.444372 30.503542 5565.858083 25.425688 21.643472 -23.465473 27.623370 -24.466793 -53.266648 -25.706480 6.884055 15.317066 -22.835923 14.874453 39.228317 982.409313 109.191925 27.945334 -5.351135 -9.478563 -1.704145 59.660723 219.638155 -32.617805 9.791502 150.590381 18.159676 -31.120392 2378.793624 -73.877272 -68.679289 -26.601429 -53.488332 -135.132408 -1467.013272 9.639007 24.443859 25.763635 -25.208629 -214.670188 0.000000 0.000000 0.000000 0.000000 0.000000 0.000000 0.000000 0.000000 0.000000 0.000000 0.000000 0.000000 0.000000 0.000000 0.000000 0.000000 0.000000 0.000000 0.000000 0.000000 0.000000 0.000000 0.000000 0.000000 0.000000 0.000000 0.000000 0.000000 0.000000 0.000000 0.000000 0.000000 0.000000 0.000000 0.000000 0.000000 0.000000 0.000000 0.000000 0.000000 0.000000 0.000000 0.000000 0.000000 0.000000 0.000000 0.000000 0.000000 0.000000 0.000000 0.000000 0.000000 0.000000 0.000000 0.000000 0.000000 0.000000 0.000000 0.000000 0.000000 0.000000 0.000000 0.000000 0.000000 0.000000 0.000000 0.000000 0.000000 0.000000 0.000000 0.000000 0.000000 0.000000 0.000000 0.000000 0.000000 0.000000 0.000000 0.000000 0.000000 0.000000 0.000000 0.000000 0.000000 0.000000 0.000000 0.000000 0.000000 0.000000 0.000000 0.000000 0.000000 0.000000 0.000000 0.000000 0.000000 0.000000 0.000000 0.000000 1.000000 0.328049 0.000945 -0.056247 -0.096423 -0.191544 0.501242 -0.625386 -0.090571
-5.145278 -7.495736 -2.219306 -15.464215 7.523111 -13.080353 -19.416822 -10.667612 2.421681 -7.755384 -5.299678 -83.794257 28.925115 6.504539 -14.617761 0.295411 -8.022590 -55.230616 -22.527653 -5.689386 -27.871238 -6.647313 -18.363953 -72.828405 15.986243 171.922086 -28.989160 -23.795731 -2.416953 47.596866 58.741761 1935.507617 0.491509 49.602365 -15.330789 -32.213856 -141.210702 40.087287 36.297188 243.059446 166.881503 -0.487638 10.108786 68.234735 -82.446602 -23.786843 -10.252977 95.174913 -5.398619 -3.710002 -159.326605 -760.726515 -70.002990 29.055159 5332.146107 -10.924703 33.261047 6.694844 76.182108 -52.067381 -21.270797 20.937010 -22.024039 15.977944 -119.408338 22.225870 0.163685 -621.133175 -13.094361 -85.892106 31.716900 -2.893780 -7.903327 -13.334341 8.914601 13.442657 1.547923 -16.373029 -21.565085 60.227375 -4780.089281 25.868946 6.434237 26.301727 10.968728 48.909470 727.809796 67.378362 -0.680445 23.389063 -7.173761 -159.734815 1.108548 0.000000 0.000000 0.000000 0.000000 0.000000 0.000000 0.000000 0.000000 0.000000 0.000000 0.000000 0.000000 0.000000 0.000000 0.000000 0.000000 0.000000 0.000000 0.000000 0.000000 0.000000 0.000000 0.000000 0.000000 0.000000 0.000000 0.000000 0.000000 0.000000 0.000000 0.000000 0.000000 0.000000 0.000000 0.000000 0.000000 0.000000 0.000000 0.000000 0.000000 0.000000 0.000000 0.000000 0.000000 0.000000 0.000000 0.000000 0.000000 0.000000 0.000000 0.000000 0.000000 0.000000 0.000000 0.000000 0.000000 0.000000 0.000000 0.000000 0.000000 0.000000 0.000000 0.000000 0.000000 0.000000 0.000000 0.000000 0.000000 0.000000 0.000000 0.000000 0.000000 0.000000 0.000000 0.000000 0.000000 0.000000 0.000000 0.000000 0.000000 0.000000 0.000000 0.000000 0.000000 0.000000 0.000000 0.000000 0.000000 0.000000 0.000000 0.000000 0.000000 0.000000 0.000000 0.000000 0.000000 0.000000 0.000000 0.000000 1.000000 -4.640289 -35.417179 28.116935 -30.523247 -6.430549 -38.229042 -8.742009
-6.094644 -6.656458 -11.304011 -11.411126 2.786859 -28.261406 51.412431 30.958804 10.089682 -34.782775 -12.587032 -72.119501 -47.298763 2.874184 7.763359 8.952512 -41.748611 -265.023715 12.912288 8.191783 -34.669780 -24.912980 -29.695728 -118.192749 -8.017253 -57.155413 -13.285552 64.845277 11.014320 -214.528299 -176.513176 -5715.561449 -10.662701 -90.042894 16.962183 55.839780 211.394125 -67.919993 -26.425307 -157.365906 -115.011687 -4.098920 -12.378818 -88.675779 78.404639 15.905509 24.312583 -173.754183 -60.329417 28.168065 159.576386 728.903558 110.970827 -2.659139 -466.341460 -20.744470 46.773336 -91.521502 -61.277602 64.474014 62.647782 32.001169 -15.821417 -49.584095 94.557814 7.788528 -29.751664 -1247.760027 -171.169046 -96.969474 -12.401427 107.551019 41.530609 -107.875923 -602.626385 82.871219 59.398810 708.166209 33.234394 2.090858 -293.866858 15.204308 -0.732025 -6.175786 2.464077 -22.446968 -460.061293 -82.180152 28.796114 39.809353 36.617954 127.659411 49.261238 250.099904 0.000000 0.000000 0.000000 0.000000 0.000000 0.000000 0.000000 0.000000 0.000000 0.000000 0.000000 0.000000 0.000000 0.000000 0.000000 0.000000 0.000000 0.000000 0.000000 0.000000 0.000000 0.000000 0.000000 0.000000 0.000000 0.000000 0.000000 0.000000 0.000000 0.000000 0.000000 0.000000 0.000000 0.000000 0.000000 0.000000 0.000000 0.000000 0.000000 0.000000 0.000000 0.000000 0.000000 0.000000 0.000000 0.000000 0.000000 0.000000 0.000000 0.000000 0.000000 0.000000 0.000000 0.000000 0.000000 0.000000 0.000000 0.000000 0.000000 0.000000 0.000000 0.000000 0.000000 0.000000 0.000000 0.000000 0.000000 0.000000 0.000000 0.000000 0.000000 0.000000 0.000000 0.000000 0.000000 0.000000 0.000000 0.000000 0.000000 0.000000 0.000000 0.000000 0.000000 0.000000 0.000000 0.000000 0.000000 0.000000 0.000000 0.000000 0.000000 0.000000 0.000000 0.000000 0.000000 0.000000 0.000000 0.000000 0.000000 1.000000 7.067123 -5.533791 6.046704 1.320236 7.451158 1.665181
4.300855 5.618211 0.414799 9.327112 -18.091275 4.713265 37.403608 26.085992 7.338883 -36.170213 1.809291 42.838206 -36.785498 -4.433414 -8.193311 6.890519 -6.535760 -26.385641 33.728617 -16.710405 0.239445 21.261325 37.532219 169.998693 -61.004531 -524.597336 125.395289 -39.194311 10.938812 -160.549841 -259.011165 -8498.198556 1.877306 -68.309652 29.864364 101.562045 445.853369 -101.876160 -118.237723 -801.434990 -548.036072 65.782867 -46.297329 -215.224680 244.131946 44.072901 61.868757 -395.803281 -155.361087 184.168835 222.225187 1059.227986 108.190153 -8.394907 -1523.636265 17.783060 55.147214 -87.507809 16.088605 19.659152 -63.382274 -79.499788 3.132958 -13.498209 385.482603 15.335507 123.016801 4077.361550 234.682374 257.061485 -21.596366 -66.501395 19.068518 91.904199 263.708298 14.420332 -20.471414 -255.962416 -14.384079 -3.730005 319.177610 -30.211493 -2.840914 -1.348503 -41.968170 -132.511843 -1660.188299 -130.754605 14.654212 35.209174 37.608052 142.941702 65.549165 357.104600 -197.500498 0.000000 0.000000 0.000000 0.000000 0.000000 0.000000 0.000000 0.000000 0.000000 0.000000 0.000000 0.000000 0.000000 0.000000 0.000000 0.000000 0.000000 0.000000 0.000000 0.000000 0.000000 0.000000 0.000000 0.000000 0.000000 0.000000 0.000000 0.000000 0.000000 0.000000 0.000000 0.000000 0.000000 0.000000 0.000000 0.000000 0.000000 0.000000 0.000000 0.000000 0.000000 0.000000 0.000000 0.000000 0.000000 0.000000 0.000000 0.000000 0.000000 0.000000 0.000000 0.000000 0.000000 0.000000 0.000000 0.000000 0.000000 0.000000 0.000000 0.000000 0.000000 0.000000 0.000000 0.000000 0.000000 0.000000 0.000000 0.000000 0.000000 0.000000 0.000000 0.000000 0.000000 0.000000 0.000000 0.000000 0.000000 0.000000 0.000000 0.000000 0.000000 0.000000 0.000000 0.000000 0.000000 0.000000 0.000000 0.000000 0.000000 0.000000 0.000000 0.000000 0.000000 0.000000 0.000000 0.000000 0.000000 0.000000 0.000000 1.000000 -0.695082 1.072180 -0.019372 0.910831 0.305567
-6.994390 -8.035244 -12.305907 -20.745966 11.111266 -28.285182 8.611761 19.100914 -8.079372 11.805041 -10.791635 -83.958280 -3.221047 -0.132725 2.573053 18.365651 30.302381 156.835752 14.672985 -21.740059 18.449396 67.213621 37.391171 172.256938 -11.128391 -48.046979 34.859104 -84.188739 -28.815373 508.472156 458.331570 14879.151012 -5.494131 1.927133 87.785908 10.630045 24.832876 73.475269 24.122399 162.223388 115.867943 81.304397 17.290086 188.468253 -196.147471 -37.107591 2.934820 78.595242 -19.289406 -20.521113 -161.669812 -803.213538 -95.344165 14.421879 2654.116029 -1.266302 -23.261109 39.193046 44.647866 -84.288904 -58.219769 -8.737945 16.938425 3.234872 -26.514425 56.681923 130.480420 3020.186589 186.452641 162.883918 -14.220927 -19.823312 17.981792 75.938673 185.301788 -51.659675 9.081385 207.652744 36.325667 -84.671210 6643.647167 -68.259410 -19.835014 -13.106479 -99.240481 -245.057941 -2713.934669 -101.999622 -68.901308 -141.999582 10.290336 283.113154 -1.081241 -71.678606 511.064520 -45.035915 0.000000 0.000000 0.000000 0.000000 0.000000 0.000000 0.000000 0.000000 0.000000 0.000000 0.000000 0.000000 0.000000 0.000000 0.000000 0.000000 0.000000 0.000000 0.000000 0.000000 0.000000 0.000000 0.000000 0.000000 0.000000 0.000000 0.000000 0.000000 0.000000 0.000000 0.000000 0.000000 0.000000 0.000000 0.000000 0.000000 0.000000 0.000000 0.000000 0.000000 0.000000 0.000000 0.000000 0.000000 0.000000 0.000000 0.000000 0.000000 0.000000 0.000000 0.000000 0.000000 0.000000 0.000000 0.000000 0.000000 0.000000 0.000000 0.000000 0.000000 0.000000 0.000000 0.000000 0.000000 0.000000 0.000000 0.000000 0.000000 0.000000 0.000000 0.000000 0.000000 0.000000 0.000000 0.000000 0.000000 0.000000 0.000000 0.000000 0.000000 0.000000 0.000000 0.000000 0.000000 0.000000 0.000000 0.000000 0.000000 0.000000 0.000000 0.000000 0.000000 0.000000 0.000000 0.000000 0.000000 0.000000 0.000000 0.000000 1.000000 2.277195 -1.283028 -1.746955 0.950951
3.552140 -6.446295 -11.672384 -7.001814 5.960098 -17.655609 11.457901 2.156251 -3.033823 25.859395 -8.641365 -16.016434 -26.094921 7.534815 20.968021 12.121570 0.783510 -42.372597 9.867285 6.194367 -28.445224 -27.387111 18.222247 100.666785 -16.591315 -133.740744 12.094639 22.587945 14.694815 -266.202805 -213.484875 -6902.990728 3.401481 -3.993751 -72.448381 -9.788946 -42.032881 -92.801752 -10.663668 -33.694278 -29.201123 -27.401616 -16.328295 -138.769095 72.607655 33.338291 -14.678602 12.831670 65.639078 -29.125829 150.429512 783.141435 85.591038 -35.000703 -6456.911140 -5.846260 -8.743028 -6.068054 -48.764214 53.760708 12.999381 -66.281756 4.310725 -8.038198 375.198420 -44.572136 39.032351 2780.403399 113.142076 232.757136 -37.466745 -34.022826 -15.680298 52.383544 161.175192 6.117544 -27.095724 -369.225295 20.947600 11.842413 -1325.715148 40.298522 80.248742 36.009075 42.707008 153.239639 2027.206859 189.455599 -26.977763 -43.737082 -34.626961 -143.948249 -43.685020 -225.555221 56.993457 33.026574 -110.412884 0.000000 0.000000 0.000000 0.000000 0.000000 0.000000 0.000000 0.000000 0.000000 0.000000 0.000000 0.000000 0.000000 0.000000 0.000000 0.000000 0.000000 0.000000 0.000000 0.000000 0.000000 0.000000 0.000000 0.000000 0.000000 0.000000 0.000000 0.000000 0.000000 0.000000 0.000000 0.000000 0.000000 0.000000 0.000000 0.000000 0.000000 0.000000 0.000000 0.000000 0.000000 0.000000 0.000000 0.000000 0.000000 0.000000 0.000000 0.000000 0.000000 0.000000 0.000000 0.000000 0.000000 0.000000 0.000000 0.000000 0.000000 0.000000 0.000000 0.000000 0.000000 0.000000 0.000000 0.000000 0.000000 0.000000 0.000000 0.000000 0.000000 0.000000 0.000000 0.000000 0.000000 0.000000 0.000000 0.000000 0.000000 0.000000 0.000000 0.000000 0.000000 0.000000 0.000000 0.000000 0.000000 0.000000 0.000000 0.000000 0.000000 0.000000 0.000000 0.000000 0.000000 0.000000 0.000000 0.000000 0.000000 0.000000 0.000000 1.000000 -0.422706 0.036465 0.348419
-9.422234 -10.966591 -9.134722 -12.539919 -4.101889 -22.301275 22.271277 8.704367 16.010313 -31.160588 -4.609258 -51.286848 -4.428843 -7.246734 6.436043 -4.994267 9.257700 87.315770 47.839395 -8.237175 47.401430 42.431317 10.537002 48.361108 34.955271 334.223991 -80.579175 13.000401 -16.540678 264.385651 331.171417 10841.690273 5.754409 46.873340 -31.087793 -55.307193 -247.747046 23.596800 41.384994 273.424206 173.334461 -2.948965 16.908005 88.426686 -91.597998 -17.883196 10.163367 -15.671891 -43.544863 0.539222 -56.732605 -293.682455 0.487211 18.979581 3482.899368 -1.329720 -13.770191 -7.645939 -30.789298 8.756712 11.804661 18.580787 23.535627 13.790682 -179.983719 -7.533509 -79.131110 -2670.883767 -180.332305 -155.128399 32.630029 -20.624543 -35.946883 -64.898345 -55.807430 0.814585 -64.671475 -867.264516 -67.078819 98.259755 -7638.804025 133.318006 110.261384 13.678805 213.289928 598.547008 7071.836984 423.773827 23.327401 73.692529 -7.301765 -112.300810 4.807712 57.176950 -273.259758 20.076565 -22.170920 -9.504002 0.000000 0.000000 0.000000 0.000000 0.000000 0.000000 0.000000 0.000000 0.000000 0.000000 0.000000 0.000000 0.000000 0.000000 0.000000 0.000000 0.000000 0.000000 0.000000 0.000000 0.000000 0.000000 0.000000 0.000000 0.000000 0.000000 0.000000 0.000000 0.000000 0.000000 0.000000 0.000000 0.000000 0.000000 0.000000 0.000000 0.000000 0.000000 0.000000 0.000000 0.000000 0.000000 0.000000 0.000000 0.000000 0.000000 0.000000 0.000000 0.000000 0.000000 0.000000 0.000000 0.000000 0.000000 0.000000 0.000000 0.000000 0.000000 0.000000 0.000000 0.000000 0.000000 0.000000 0.000000 0.000000 0.000000 0.000000 0.000000 0.000000 0.000000 0.000000 0.000000 0.000000 0.000000 0.000000 0.000000 0.000000 0.000000 0.000000 0.000000 0.000000 0.000000 0.000000 0.000000 0.000000 0.000000 0.000000 0.000000 0.000000 0.000000 0.000000 0.000000 0.000000 0.000000 0.000000 0.000000 0.000000 0.000000 0.000000 1.000000 -0.384271 -3.339120
7.893168 6.210566 4.946448 9.298617 4.367883 11.211064 -15.141524 -6.484476 -19.708762 61.573192 -8.193711 -18.494301 -6.666353 -1.395630 14.247243 5.161501 18.969041 105.249403 2.107635 -19.206431 12.267541 51.488709 39.781083 198.332969 -2.456718 6.551018 0.196817 -7.836036 -19.466782 331.497190 333.520717 10837.788195 6.513050 23.287088 25.255378 5.054433 15.400539 25.011421 1.587417 21.298169 24.296652 60.456505 -9.415552 49.863142 -30.837615 2.642037 -6.960949 37.680213 -1.528418 24.573972 -138.899101 -635.448158 -101.974094 -19.473474 -3558.174212 -11.680637 -86.949766 127.835951 -5.099329 3.513765 -14.283373 0.632879 5.470091 45.155866 -250.009799 -15.815774 -74.321182 -2219.770813 -88.011118 -134.285424 11.868211 52.962057 6.335021 -46.829846 -166.165980 34.304823 115.552763 1409.988062 48.456472 -18.643947 1419.301521 -86.850325 -104.552483 1.145014 -130.850487 -346.153441 -3918.559950 -160.847498 -7.316125 -43.908930 -47.358542 -241.236465 -73.772027 -410.314560 352.560537 63.346732 -237.137826 4.633911 54.440742 0.000000 0.000000 0.000000 0.000000 0.000000 0.000000 0.000000 0.000000 0.000000 0.000000 0.000000 0.000000 0.000000 0.000000 0.000000 0.000000 0.000000 0.000000 0.000000 0.000000 0.000000 0.000000 0.000000 0.000000 0.000000 0.000000 0.000000 0.000000 0.000000 0.000000 0.000000 0.000000 0.000000 0.000000 0.000000 0.000000 0.000000 0.000000 0.000000 0.000000 0.000000 0.000000 0.000000 0.000000 0.000000 0.000000 0.000000 0.000000 0.000000 0.000000 0.000000 0.000000 0.000000 0.000000 0.000000 0.000000 0.000000 0.000000 0.000000 0.000000 0.000000 0.000000 0.000000 0.000000 0.000000 0.000000 0.000000 0.000000 0.000000 0.000000 0.000000 0.000000 0.000000 0.000000 0.000000 0.000000 0.000000 0.000000 0.000000 0.000000 0.000000 0.000000 0.000000 0.000000 0.000000 0.000000 0.000000 0.000000 0.000000 0.000000 0.000000 0.000000 0.000000 0.000000 0.000000 0.000000 0.000000 0.000000 0.000000 1.000000 0.472653
-6.046424 1.898377 0.967884 -6.407089 8.545015 -15.341681 28.692146 7.841618 1.286285 -26.144881 0.664414 24.480608 8.358435 12.373998 1.308101 7.252102 -5.843218 -59.859381 -14.079894 5.077603 -37.289923 -13.849113 21.367191 96.777418 -56.617112 -480.132185 125.771022 -51.456090 28.531741 -472.895025 -486.070660 -15812.119763 2.020397 -9.096166 -35.893810 22.913033 137.587501 -97.028325 -29.823173 -184.400101 -122.051892 -56.725913 -6.788800 -113.811984 114.701036 25.056270 -2.803816 -52.709367 29.630562 -3.721230 180.725839 884.966576 118.434367 -5.365411 -989.474905 11.213207 45.519743 -71.043438 -40.620802 75.437721 54.448843 16.272859 -16.903417 -31.453718 77.843397 -26.852938 -49.837990 -1022.186178 -42.368962 -91.520458 -13.808425 67.743977 16.230683 -42.015321 -245.489784 53.839018 56.444822 688.142290 53.556940 -18.464810 1214.258610 4.385113 -39.600503 18.859753 -102.752789 -222.796337 -2267.071620 -67.498320 -82.016921 -113.969340 -27.024415 -20.341686 43.332258 241.973847 -201.934160 -15.531252 81.555990 -18.837177 -22.679781 -17.960360 0.000000 0.000000 0.000000 0.000000 0.000000 0.000000 0.000000 0.000000 0.000000 0.000000 0.000000 0.000000 0.000000 0.000000 0.000000 0.000000 0.000000 0.000000 0.000000 0.000000 0.000000 0.000000 0.000000 0.000000 0.000000 0.000000 0.000000 0.000000 0.000000 0.000000 0.000000 0.000000 0.000000 0.000000 0.000000 0.000000 0.000000 0.000000 0.000000 0.000000 0.000000 0.000000 0.000000 0.000000 0.000000 0.000000 0.000000 0.000000 0.000000 0.000000 0.000000 0.000000 0.000000 0.000000 0.000000 0.000000 0.000000 0.000000 0.000000 0.000000 0.000000 0.000000 0.000000 0.000000 0.000000 0.000000 0.000000 0.000000 0.000000 0.000000 0.000000 0.000000 0.000000 0.000000 0.000000 0.000000 0.000000 0.000000 0.000000 0.000000 0.000000 0.000000 0.000000 0.000000 0.000000 0.000000 0.000000 0.000000 0.000000 0.000000 0.000000 0.000000 0.000000 0.000000 0.000000 0.000000 0.000000 0.000000 0.000000 1.000000
